Timestamp,Gender,Age,University,ScienceDirection,Education,KRRstudio,KPython,KSPSS,KSTATA,KExcel,KGIS,KCAQDA,RRstudio,Python,SPSS,STATA,Excel,GIS,CAQDA,ResearchMethods,DataAnalysis,DataVisualisation,OpenSciencePrinciples,SocialEconomicIssues,SocialTheory,ProgramingLanguage,MT_Internship,TM_teamwork,TM_HybridTeaching,MT_StudyVisits,MT_ResearchProject,MT_Presentation,MT_GuestLecture,MT_ProblemSolving,MT_Fieldwork,MT_InteractiveTeaching,M_ResearchMethods,M_DataAnalysis,M_ProgramingLanguage,M_DataVisualisation,M_DataProcessing,M_SocialEconomicIssues,M_SocialTheory,EconomicStatus,EconomicSector,challenge01,challenge02,challenge03,challenge04,challenge05,challenge06,challenge07,challenge08,challenge09,challenge10,challenge11,challenge12,challenge13,challenge14,Metadata
10/25/23 15:21,მდედრობითი,20,გრიგოლ რობაქიძის სახელობის უნივერსიტეტი,სოციალური მეცნიერებები,ვსწავლობ ბაკალავრიატზე (II-IV საფეხურის სტუდენტი),1,3,4,1,4,1,1,1,4,1,1,4,5,1,4,1,3,1,1,3,4,5,5,1,5,1,4,1,3,5,5,5,3,5,3,2,4,4,აჰვსწავლობ,,საზოგადოებრივი ჯანდაცვა, მოსახლეობის მიგრაცია, სასურსათო უსაფრთხოება და ნუტრიცია, დეზინფორმაცია და მისინფორმაცია,,,,,,,,,,,
10/25/23 16:25,მდედრობითი,19,შავი ზღვის საერთაშორისო უნივერსიტეტი,კომპიუტერული მეცნიერებები,ვსწავლობ ბაკალავრიატზე (II-IV საფეხურის სტუდენტი),1,1,1,1,1,1,1,2,2,2,2,4,2,2,4,5,4,2,2,2,5,5,3,5,3,3,4,3,5,4,3,2,3,3,3,3,1,1,აჰვსწავლობ,,კონფლიქტები და მათი შედეგი საზოგადოებაზე, ხელოვნური ინტელექტი და ინფორმაციის/მონაცემების ეთიკური გამოყენება, დეზინფორმაცია და მისინფორმაცია,,,,,,,,,,,,
10/25/23 17:19,მდედრობითი,24,თბილისის სახელმწიფო უნივერსიტეტი,კომპიუტერული მეცნიერებები,ვსწავლობ მაგისტრატურაზე,1,3,1,1,3,1,1,1,1,1,1,2,1,1,1,2,2,1,1,1,4,4,1,3,1,1,1,1,2,1,1,1,2,4,2,2,1,1,ვმუშაობ სრულ განაკვეთზე და ვსწავლობ,კერძო სექტორი,ხელოვნური ინტელექტი და ინფორმაციის/მონაცემების ეთიკური გამოყენება, განათლების ხელმისაწვდომობა, დეზინფორმაცია და მისინფორმაცია,,,,,,,,,,,,
10/25/23 22:42,მდედრობითი,20,შავი ზღვის საერთაშორისო უნივერსიტეტი,"სოციალური მეცნიერებები, მარკეტინგი",ვსწავლობ ბაკალავრიატზე (II-IV საფეხურის სტუდენტი),1,2,1,1,4,1,1,2,4,4,3,5,2,1,1,5,3,3,3,2,1,5,5,2,5,5,2,3,5,5,5,3,2,1,1,1,4,4,ვმუშაობ ნახევარ განაკვეთზე და ვსწავლობ,კერძო სექტორი,არჩევნები და დემოკრატია, საზოგადოებრივი ჯანდაცვა, მოსახლეობის მიგრაცია,,,,,,,,,,,,
10/26/23 01:19,მდედრობითი,22,შავი ზღვის საერთაშორისო უნივერსიტეტი,კომპიუტერული მეცნიერებები,ვსწავლობ ბაკალავრიატზე (II-IV საფეხურის სტუდენტი),1,1,1,1,5,1,1,1,1,1,1,1,1,1,2,3,3,1,1,1,5,5,4,4,4,5,4,5,5,1,5,1,1,2,2,2,1,1,ვმუშაობ სრულ განაკვეთზე და ვსწავლობ,საერთაშორისო ორგანიზაცია,განათლების ხელმისაწვდომობა, მოსახლეობის მიგრაცია, დეზინფორმაცია და მისინფორმაცია, ხელოვნური ინტელექტი და ინფორმაციის/მონაცემების ეთიკური გამოყენება,,,,,,,,,,,
10/26/23 09:48,მამრობითი,20,თბილისის სახელმწიფო უნივერსიტეტი,სოციალური მეცნიერებები,ვსწავლობ ბაკალავრიატზე (II-IV საფეხურის სტუდენტი),1,1,1,1,3,3,1,2,3,3,2,3,4,2,3,4,3,2,4,2,4,3,3,2,3,3,1,3,4,4,4,1,2,2,2,2,3,2,აჰვსწავლობ,,ხელოვნური ინტელექტი და ინფორმაციის/მონაცემების ეთიკური გამოყენება, დეზინფორმაცია და მისინფორმაცია, არჩევნები და დემოკრატია, საზოგადოებრივი ჯანდაცვა, განათლების ხელმისაწვდომობა, პანდემიები და მათი პრევენცია,,,,,,,,,
10/26/23 12:20,მამრობითი,48,შავი ზღვის საერთაშორისო უნივერსიტეტი,ბიზნესის ფაკულტეტი,დოქტორი,1,5,4,4,4,3,3,1,1,1,1,4,1,1,4,4,3,3,4,1,4,3,5,3,4,4,4,3,4,4,4,1,4,3,4,4,2,1,ვმუშაობ სრულ განაკვეთზე და ვსწავლობ,კერძო სექტორი,მოსახლეობის მიგრაცია, განათლების ხელმისაწვდომობა, არჩევნები და დემოკრატია,,,,,,,,,,,,
10/26/23 13:01,მდედრობითი,29,თბილისის სახელმწიფო უნივერსიტეტი,სოციალური მეცნიერებები,მაგისტრი,1,1,1,1,2,1,1,1,1,1,2,2,1,1,3,4,5,2,2,4,3,5,3,5,5,5,4,5,4,5,5,2,1,1,3,1,1,1,ვმუშაობ სრულ განაკვეთზე და ვსწავლობ,საჯარო სექტორი,ხელოვნური ინტელექტი და ინფორმაციის/მონაცემების ეთიკური გამოყენება, ეკონომიკური კრიზისები, მოსახლეობის მიგრაცია,,,,,,,,,,,,
10/26/23 13:05,მდედრობითი,29,თბილისის სახელმწიფო უნივერსიტეტი,სამართალჯ,მაგისტრი,1,1,1,1,2,1,1,1,1,1,1,2,1,1,5,5,5,5,5,5,5,5,5,5,5,5,5,5,5,5,5,1,1,1,1,1,1,1,ვმუშაობ სრულ განაკვეთზე,საერთაშორისო ორგანიზაცია,სასურსათო უსაფრთხოება და ნუტრიცია, კონფლიქტები და მათი შედეგი საზოგადოებაზე, მოსახლეობის მიგრაცია, დეზინფორმაცია და მისინფორმაცია, კლიმატის ცვლილება, განათლების ხელმისაწვდომობა, (გენდერული) თანასწორობის საკითხები,,,,,,,,
10/26/23 13:07,მამრობითი,28,თბილისის სახელმწიფო უნივერსიტეტი,ეკონომიკა და ბიზნესი,ვსწავლობ ბაკალავრიატზე (II-IV საფეხურის სტუდენტი),1,1,1,1,5,1,1,1,1,1,1,3,1,1,1,2,1,1,1,1,1,3,3,2,3,3,3,3,3,3,3,3,3,2,3,1,3,1,ვმუშაობ სრულ განაკვეთზე,კერძო სექტორი,ხელოვნური ინტელექტი და ინფორმაციის/მონაცემების ეთიკური გამოყენება,,,,,,,,,,,,,,
10/26/23 13:08,მამრობითი,25,თბილისის სახელმწიფო უნივერსიტეტი,სოციალური მეცნიერებები,მაგისტრი,1,1,3,1,3,1,1,1,1,1,1,3,1,1,5,4,3,4,3,5,1,3,4,4,3,4,3,4,4,4,4,4,3,1,2,2,3,4,ვმუშაობ სრულ განაკვეთზე და ვსწავლობ,არასამთავრობო ორგანიზაცია,(გენდერული) თანასწორობის საკითხები, განათლების ხელმისაწვდომობა, საზოგადოებრივი ჯანდაცვა,,,,,,,,,,,,
10/26/23 13:09,მამრობითი,29,თბილისის სახელმწიფო უნივერსიტეტი,სოციალური მეცნიერებები,ბაკალავრი,1,1,2,1,4,2,1,4,2,4,2,5,3,4,5,5,4,4,3,4,3,2,4,3,3,5,4,2,5,5,4,3,3,2,2,1,3,3,ვმუშაობ სრულ განაკვეთზე და ვსწავლობ,არასამთავრობო ორგანიზაცია,განათლების ხელმისაწვდომობა, ხელოვნური ინტელექტი და ინფორმაციის/მონაცემების ეთიკური გამოყენება, ბიომრავალფეროვნება,,,,,,,,,,,,
10/26/23 13:18,მამრობითი,28,თბილისის სახელმწიფო უნივერსიტეტი,სოციალური მეცნიერებები,ბაკალავრი,1,1,1,1,2,1,1,1,1,1,1,4,1,1,4,4,4,3,4,4,3,2,4,3,4,4,4,3,4,3,4,3,3,3,4,4,4,4,ვმუშაობ სრულ განაკვეთზე,საჯარო სექტორი,(გენდერული) თანასწორობის საკითხები, საზოგადოებრივი ჯანდაცვა, განათლების ხელმისაწვდომობა,,,,,,,,,,,,
10/26/23 13:20,მამრობითი,27,თბილისის სახელმწიფო უნივერსიტეტი,ეკონომიკა და ბიზნესი,ვსწავლობ ბაკალავრიატზე (II-IV საფეხურის სტუდენტი),1,1,1,1,4,1,1,1,1,1,1,3,1,1,4,3,4,4,1,1,3,4,4,3,5,3,2,3,3,4,5,3,4,3,4,3,3,3,ვმუშაობ სრულ განაკვეთზე და ვსწავლობ,თვითდასაქმებული,დეზინფორმაცია და მისინფორმაცია, მოსახლეობის მიგრაცია, ურბანიზაცია,,,,,,,,,,,,
10/26/23 13:26,მდედრობითი,26,თბილისის სახელმწიფო უნივერსიტეტი,"ჰუმანიტარული მეცნიერებები (ფილოსოფია, ლიტერატურათმცოდნეობა)",ვსწავლობ მაგისტრატურაზე,1,1,1,1,2,1,1,1,1,1,1,4,1,1,5,4,4,5,4,5,5,4,2,4,3,5,3,3,5,5,5,4,2,1,2,2,2,3,ვმუშაობ სრულ განაკვეთზე და ვსწავლობ,კერძო სექტორი,კონფლიქტები და მათი შედეგი საზოგადოებაზე, განათლების ხელმისაწვდომობა, საზოგადოებრივი ჯანდაცვა,,,,,,,,,,,,
10/26/23 13:38,მდედრობითი,29,თბილისის სახელმწიფო უნივერსიტეტი,სამართალმცოდნეობა,ვსწავლობ მაგისტრატურაზე,1,1,1,1,2,1,1,1,1,1,1,2,1,1,4,3,2,2,5,5,1,5,4,5,5,5,3,5,4,5,5,2,2,1,2,1,1,1,ვმუშაობ ნახევარ განაკვეთზე და ვსწავლობ,კერძო სექტორი,ეკონომიკური კრიზისები, კლიმატის ცვლილება, (გენდერული) თანასწორობის საკითხები,,,,,,,,,,,,
10/26/23 13:41,მდედრობითი,29,თბილისის სახელმწიფო უნივერსიტეტი,სოციალური მეცნიერებები,ბაკალავრი,1,1,3,1,2,1,1,1,1,3,1,1,1,1,5,5,5,3,4,5,1,5,5,5,3,5,5,4,5,5,5,2,2,1,2,1,1,2,ვმუშაობ სრულ განაკვეთზე,არასამთავრობო ორგანიზაცია,(გენდერული) თანასწორობის საკითხები, კლიმატის ცვლილება, დეზინფორმაცია და მისინფორმაცია,,,,,,,,,,,,
10/26/23 13:43,მამრობითი,28,თბილისის სახელმწიფო უნივერსიტეტი,სოციალური და პოლიტიკური მეცნიერებები,მაგისტრი,1,1,2,1,2,1,1,1,1,1,1,3,1,1,2,3,3,2,2,2,4,4,4,4,4,5,3,3,4,4,5,2,2,1,2,1,2,2,ვმუშაობ სრულ განაკვეთზე,არასამთავრობო ორგანიზაცია,განათლების ხელმისაწვდომობა, არჩევნები და დემოკრატია, პანდემიები და მათი პრევენცია,,,,,,,,,,,,
10/26/23 13:50,მამრობითი,29,თბილისის სახელმწიფო უნივერსიტეტი,ეკონომიკა,ბაკალავრი,1,1,1,1,3,2,1,1,1,1,1,4,3,1,3,3,3,3,3,3,3,3,3,3,3,3,3,3,3,4,3,3,4,2,4,3,3,2,ვმუშაობ სრულ განაკვეთზე,საჯარო სექტორი,არჩევნები და დემოკრატია, მოსახლეობის მიგრაცია, კლიმატის ცვლილება,,,,,,,,,,,,
10/26/23 14:00,მამრობითი,23,თბილისის სახელმწიფო უნივერსიტეტი,სოციალური მეცნიერებები,ვსწავლობ ბაკალავრიატზე (II-IV საფეხურის სტუდენტი),1,1,1,1,2,1,1,1,1,1,1,5,1,1,1,5,5,5,1,5,5,4,5,4,4,3,2,3,5,5,5,2,2,1,1,1,1,1,ვმუშაობ სრულ განაკვეთზე და ვსწავლობ,კერძო სექტორი,ხელოვნური ინტელექტი და ინფორმაციის/მონაცემების ეთიკური გამოყენება, მოსახლეობის მიგრაცია, არჩევნები და დემოკრატია,,,,,,,,,,,,
10/26/23 14:02,მდედრობითი,30,შავი ზღვის საერთაშორისო უნივერსიტეტი,სოციალური მეცნიერებები,ბაკალავრი,3,3,3,3,4,3,3,2,2,2,2,3,2,2,4,5,5,5,5,5,3,5,5,3,5,5,5,5,5,5,5,5,5,3,5,5,5,5,ვმუშაობ სრულ განაკვეთზე,კერძო სექტორი,სასურსათო უსაფრთხოება და ნუტრიცია, საზოგადოებრივი ჯანდაცვა, ხელოვნური ინტელექტი და ინფორმაციის/მონაცემების ეთიკური გამოყენება, ეკონომიკური კრიზისები, ბიომრავალფეროვნება, (გენდერული) თანასწორობის საკითხები, მოსახლეობის მიგრაცია, განათლების ხელმისაწვდომობა, კლიმატის ცვლილება, არჩევნები და დემოკრატია, დეზინფორმაცია და მისინფორმაცია,,,,
10/26/23 14:05,მდედრობითი,31,თბილისის სახელმწიფო უნივერსიტეტი,კომპიუტერული მეცნიერებები,ვსწავლობ მაგისტრატურაზე,1,1,1,1,5,1,1,1,1,1,1,5,1,1,3,4,5,3,2,2,4,3,4,2,2,2,2,2,5,5,4,2,3,3,4,4,3,2,ვმუშაობ სრულ განაკვეთზე,კერძო სექტორი,კლიმატის ცვლილება, ურბანიზაცია, განათლების ხელმისაწვდომობა,,,,,,,,,,,,
10/26/23 14:07,მამრობითი,29,თბილისის სახელმწიფო უნივერსიტეტი,ზუსტი მეცნიერებები,მაგისტრი,1,1,1,1,5,2,1,1,1,1,1,3,1,1,1,3,1,1,3,1,3,5,3,2,1,2,3,3,2,2,3,3,3,4,5,4,4,2,ვმუშაობ სრულ განაკვეთზე,კერძო სექტორი,კლიმატის ცვლილება, ეკონომიკური კრიზისები, დეზინფორმაცია და მისინფორმაცია,,,,,,,,,,,,
10/26/23 14:10,მდედრობითი,33,შავი ზღვის საერთაშორისო უნივერსიტეტი,ბიზნესის ადმინისტრირება,მაგისტრი,1,1,1,1,3,1,1,1,1,1,1,5,1,1,3,4,4,4,4,1,4,3,3,5,3,4,5,4,3,3,3,4,4,4,4,4,4,4,ვმუშაობ სრულ განაკვეთზე,თვითდასაქმებული,ხელოვნური ინტელექტი და ინფორმაციის/მონაცემების ეთიკური გამოყენება, განათლების ხელმისაწვდომობა, ეკონომიკური კრიზისები,,,,,,,,,,,,
10/26/23 14:15,მდედრობითი,31,თბილისის სახელმწიფო უნივერსიტეტი,კომპიუტერული მეცნიერებები,მაგისტრი,1,1,1,1,3,1,1,1,1,1,1,3,1,1,3,5,5,2,2,3,5,5,3,3,4,5,3,5,5,4,5,1,3,3,1,3,1,1,ვმუშაობ სრულ განაკვეთზე,კერძო სექტორი,განათლების ხელმისაწვდომობა, ურბანიზაცია, საზოგადოებრივი ჯანდაცვა,,,,,,,,,,,,
10/26/23 14:25,მდედრობითი,28,თბილისის სახელმწიფო უნივერსიტეტი,სოციალური მეცნიერებები,ვსწავლობ მაგისტრატურაზე,1,1,2,1,3,1,1,2,2,2,1,4,1,1,5,5,5,3,3,3,4,5,4,3,4,4,4,4,5,5,5,4,3,2,2,2,2,2,ვმუშაობ სრულ განაკვეთზე და ვსწავლობ,არასამთავრობო ორგანიზაცია,საზოგადოებრივი ჯანდაცვა, ეკონომიკური კრიზისები, არჩევნები და დემოკრატია,,,,,,,,,,,,
10/26/23 14:46,მდედრობითი,32,თბილისის სახელმწიფო უნივერსიტეტი,სოციალური მეცნიერებები,მაგისტრი,1,1,2,1,3,1,1,1,1,1,1,3,1,1,3,4,4,1,3,1,1,3,4,4,1,3,4,3,2,1,2,4,3,1,3,3,1,1,ვმუშაობ სრულ განაკვეთზე,საჯარო სექტორი,კლიმატის ცვლილება, სასურსათო უსაფრთხოება და ნუტრიცია, დეზინფორმაცია და მისინფორმაცია, კონფლიქტები და მათი შედეგი საზოგადოებაზე, ურბანიზაცია,,,,,,,,,,
10/26/23 14:53,მდედრობითი,29,თბილისის სახელმწიფო უნივერსიტეტი,იურიდიული,მაგისტრი,1,1,1,1,3,1,4,1,1,1,1,5,1,3,4,5,5,3,4,5,3,4,2,3,4,4,3,4,5,4,4,3,3,1,4,3,3,4,ვმუშაობ ნახევარ განაკვეთზე და ვსწავლობ,საერთაშორისო ორგანიზაცია,ხელოვნური ინტელექტი და ინფორმაციის/მონაცემების ეთიკური გამოყენება, ურბანიზაცია, საზოგადოებრივი ჯანდაცვა,,,,,,,,,,,,
10/26/23 14:59,მდედრობითი,29,თბილისის სახელმწიფო უნივერსიტეტი,სოციალური მეცნიერებები,მაგისტრი,2,1,4,3,4,1,1,3,1,4,4,5,1,1,5,5,5,3,5,5,4,3,3,3,5,5,4,3,5,5,5,4,4,1,3,4,3,3,ვმუშაობ სრულ განაკვეთზე,არასამთავრობო ორგანიზაცია,კლიმატის ცვლილება, დეზინფორმაცია და მისინფორმაცია, კონფლიქტები და მათი შედეგი საზოგადოებაზე,,,,,,,,,,,,
10/26/23 15:13,მამრობითი,30,თბილისის სახელმწიფო უნივერსიტეტი,კომპიუტერული მეცნიერებები,მაგისტრი,1,2,1,1,2,1,1,1,1,1,1,1,1,1,1,4,4,2,2,2,5,5,4,4,2,4,3,4,5,2,3,1,3,5,4,4,1,1,ვმუშაობ სრულ განაკვეთზე,კერძო სექტორი,დეზინფორმაცია და მისინფორმაცია, ეკონომიკური კრიზისები, კონფლიქტები და მათი შედეგი საზოგადოებაზე,,,,,,,,,,,,
10/26/23 15:14,მამრობითი,30,თბილისის სახელმწიფო უნივერსიტეტი,ზუსტ და საბუნებისმეტყველო მეცნიერებათა ფაკულტეტი,მაგისტრი,1,1,1,1,3,3,1,1,1,1,1,3,4,1,5,3,3,3,4,4,4,5,4,4,5,4,4,4,5,5,4,3,2,1,1,1,2,1,ვმუშაობ სრულ განაკვეთზე,საჯარო სექტორი,განათლების ხელმისაწვდომობა, საზოგადოებრივი ჯანდაცვა, დეზინფორმაცია და მისინფორმაცია,,,,,,,,,,,,
10/26/23 15:25,მამრობითი,21,შავი ზღვის საერთაშორისო უნივერსიტეტი,სოციალური მეცნიერებები,ვსწავლობ ბაკალავრიატზე (II-IV საფეხურის სტუდენტი),2,1,3,1,4,1,4,3,1,5,2,5,2,5,2,2,2,3,3,3,1,3,3,2,3,3,3,3,2,2,3,3,3,2,3,2,3,2,აჰვსწავლობ,,მოსახლეობის მიგრაცია, დეზინფორმაცია და მისინფორმაცია, კონფლიქტები და მათი შედეგი საზოგადოებაზე, საზოგადოებრივი ჯანდაცვა, ეკონომიკური კრიზისები, კლიმატის ცვლილება, არჩევნები და დემოკრატია,,,,,,,,
10/26/23 15:31,მდედრობითი,21,შავი ზღვის საერთაშორისო უნივერსიტეტი,სამართლისა და სახელმწიფო მართვის სკოლა,ვსწავლობ ბაკალავრიატზე (II-IV საფეხურის სტუდენტი),1,1,2,1,3,1,3,1,1,1,1,3,1,3,4,4,4,4,4,5,4,3,4,5,5,3,4,5,5,3,4,4,2,1,2,1,1,1,ვმუშაობ ნახევარ განაკვეთზე და ვსწავლობ,საჯარო სექტორი,მოსახლეობის მიგრაცია, ეკონომიკური კრიზისები, არჩევნები და დემოკრატია, დეზინფორმაცია და მისინფორმაცია,,,,,,,,,,,
10/26/23 16:25,მდედრობითი,21,შავი ზღვის საერთაშორისო უნივერსიტეტი,სოციალური მეცნიერებები,ვსწავლობ ბაკალავრიატზე (II-IV საფეხურის სტუდენტი),1,1,2,1,3,1,2,1,4,4,2,2,2,2,1,2,1,2,1,1,3,3,2,1,3,1,1,3,2,3,1,1,2,2,2,1,2,2,აჰვსწავლობ,,ხელოვნური ინტელექტი და ინფორმაციის/მონაცემების ეთიკური გამოყენება, არჩევნები და დემოკრატია, დეზინფორმაცია და მისინფორმაცია, მოსახლეობის მიგრაცია, განათლების ხელმისაწვდომობა, (გენდერული) თანასწორობის საკითხები, კლიმატის ცვლილება, ურბანიზაცია, სასურსათო უსაფრთხოება და ნუტრიცია,,,,,,
10/26/23 17:10,მდედრობითი,21,შავი ზღვის საერთაშორისო უნივერსიტეტი,სოციალური მეცნიერებები,ვსწავლობ ბაკალავრიატზე (II-IV საფეხურის სტუდენტი),1,1,4,1,4,2,4,1,1,5,1,5,1,5,5,5,4,3,3,5,1,3,4,5,2,4,3,5,5,4,5,3,3,1,3,2,2,2,აჰვსწავლობ,,კონფლიქტები და მათი შედეგი საზოგადოებაზე, დეზინფორმაცია და მისინფორმაცია, განათლების ხელმისაწვდომობა,,,,,,,,,,,,
10/26/23 17:48,მდედრობითი,21,შავი ზღვის საერთაშორისო უნივერსიტეტი,საჯარო მმართველობა,ვსწავლობ ბაკალავრიატზე (II-IV საფეხურის სტუდენტი),1,1,3,1,3,1,3,1,1,1,1,2,1,2,3,3,3,3,3,3,3,4,3,3,4,4,3,3,3,3,3,1,1,1,1,1,1,1,აჰვსწავლობ,,არჩევნები და დემოკრატია, მოსახლეობის მიგრაცია, ეკონომიკური კრიზისები,,,,,,,,,,,,
10/26/23 18:26,მდედრობითი,21,შავი ზღვის საერთაშორისო უნივერსიტეტი,სოციალური მეცნიერებები,ვსწავლობ ბაკალავრიატზე (II-IV საფეხურის სტუდენტი),1,1,2,1,5,1,5,1,1,1,1,5,1,1,3,3,5,3,3,3,3,1,3,3,3,3,3,3,3,3,3,3,3,3,3,3,3,1,ვმუშაობ სრულ განაკვეთზე და ვსწავლობ,კერძო სექტორი,საზოგადოებრივი ჯანდაცვა,,,,,,,,,,,,,,
10/26/23 19:46,მამრობითი,30,შავი ზღვის საერთაშორისო უნივერსიტეტი,კომპიუტერული მეცნიერებები,ბაკალავრი,1,1,1,1,4,1,1,5,5,5,1,5,5,5,1,3,1,1,1,1,1,4,3,1,1,3,4,3,1,1,1,1,2,1,1,1,1,1,ვმუშაობ სრულ განაკვეთზე,საერთაშორისო ორგანიზაცია,განათლების ხელმისაწვდომობა, პანდემიები და მათი პრევენცია, ეკონომიკური კრიზისები,,,,,,,,,,,,
10/26/23 21:58,მდედრობითი,30,შავი ზღვის საერთაშორისო უნივერსიტეტი,სოციალური მეცნიერებები,მაგისტრი,1,1,2,1,5,1,1,1,4,1,1,5,1,1,1,5,5,1,4,3,5,5,3,5,2,3,4,4,5,4,5,1,5,1,5,5,3,1,ვმუშაობ სრულ განაკვეთზე,კერძო სექტორი,ურბანიზაცია, კლიმატის ცვლილება, მოსახლეობის მიგრაცია,,,,,,,,,,,,
10/27/23 10:08,მდედრობითი,20,შავი ზღვის საერთაშორისო უნივერსიტეტი,სოციალური მეცნიერებები,ვსწავლობ ბაკალავრიატზე (II-IV საფეხურის სტუდენტი),1,1,1,1,3,1,1,1,1,1,1,1,1,1,3,5,5,1,3,3,2,5,5,5,5,5,5,5,5,5,4,3,3,1,1,2,1,1,ვმუშაობ სრულ განაკვეთზე და ვსწავლობ,კერძო სექტორი,ბიომრავალფეროვნება, დეზინფორმაცია და მისინფორმაცია, არჩევნები და დემოკრატია, (გენდერული) თანასწორობის საკითხები, განათლების ხელმისაწვდომობა,,,,,,,,,,
10/27/23 10:25,მდედრობითი,19,შავი ზღვის საერთაშორისო უნივერსიტეტი,სოციალური მეცნიერებები,ვსწავლობ ბაკალავრიატზე (II-IV საფეხურის სტუდენტი),1,1,1,1,5,1,1,3,3,3,3,5,3,3,5,5,5,5,5,5,5,5,5,5,5,5,5,5,5,5,5,4,5,1,5,3,4,5,ვმუშაობ ნახევარ განაკვეთზე და ვსწავლობ,კერძო სექტორი,განათლების ხელმისაწვდომობა, ეკონომიკური კრიზისები, დეზინფორმაცია და მისინფორმაცია,,,,,,,,,,,,
10/27/23 10:52,მდედრობითი,32,თბილისის სახელმწიფო უნივერსიტეტი,სოციალური მეცნიერებები,დოქტორი,2,1,5,2,4,1,1,5,3,5,3,3,2,2,5,5,4,3,4,3,3,5,5,5,5,5,5,5,5,5,5,5,5,3,4,4,4,4,ვმუშაობ სრულ განაკვეთზე,კერძო სექტორი,სიღარიბე,,,,,,,,,,,,,,
10/27/23 11:12,მდედრობითი,19,შავი ზღვის საერთაშორისო უნივერსიტეტი,საჯარო ადმინისტრირებისა და სამართლის სკოლა,ვსწავლობ ბაკალავრიატზე (II-IV საფეხურის სტუდენტი),1,1,1,1,4,1,1,2,2,2,2,5,2,2,5,5,4,4,4,4,3,5,5,1,4,4,5,5,5,3,5,3,3,1,4,4,3,3,ვმუშაობ ნახევარ განაკვეთზე და ვსწავლობ,აკადემია,არჩევნები და დემოკრატია, განათლების ხელმისაწვდომობა, ეკონომიკური კრიზისები, დეზინფორმაცია და მისინფორმაცია, ხელოვნური ინტელექტი და ინფორმაციის/მონაცემების ეთიკური გამოყენება,,,,,,,,,,
10/27/23 11:23,მდედრობითი,20,შავი ზღვის საერთაშორისო უნივერსიტეტი,Law,ვსწავლობ ბაკალავრიატზე (II-IV საფეხურის სტუდენტი),1,1,1,1,1,1,1,1,3,1,1,5,1,1,5,5,5,5,5,5,5,5,5,5,5,5,3,4,5,1,5,1,1,1,1,1,1,1,ვმუშაობ ნახევარ განაკვეთზე და ვსწავლობ,საჯარო სექტორი,ეკონომიკური კრიზისები, კონფლიქტები და მათი შედეგი საზოგადოებაზე, დეზინფორმაცია და მისინფორმაცია,,,,,,,,,,,,
10/27/23 12:27,მდედრობითი,20,შავი ზღვის საერთაშორისო უნივერსიტეტი,საჯარო ადმინისტრირება და სახელმწიფო მმართველობა,ვსწავლობ ბაკალავრიატზე (II-IV საფეხურის სტუდენტი),1,4,5,3,5,1,1,2,2,5,2,5,2,2,4,3,4,3,4,5,3,5,5,3,5,2,5,5,2,3,3,4,3,3,3,3,5,5,ვმუშაობ ნახევარ განაკვეთზე და ვსწავლობ,საჯარო სექტორი,(გენდერული) თანასწორობის საკითხები, საზოგადოებრივი ჯანდაცვა, მოსახლეობის მიგრაცია,,,,,,,,,,,,
10/27/23 13:30,მდედრობითი,22,თბილისის სახელმწიფო უნივერსიტეტი,სოციალური მეცნიერებები,ვსწავლობ ბაკალავრიატზე (II-IV საფეხურის სტუდენტი),1,1,1,1,3,1,1,3,3,3,3,3,3,3,2,4,1,1,4,2,4,5,3,5,5,5,5,5,5,2,2,2,2,2,2,2,3,3,ვმუშაობ სრულ განაკვეთზე და ვსწავლობ,კერძო სექტორი,კონფლიქტები და მათი შედეგი საზოგადოებაზე, მოსახლეობის მიგრაცია, პანდემიები და მათი პრევენცია,,,,,,,,,,,,
10/27/23 13:32,მდედრობითი,20,თბილისის სახელმწიფო უნივერსიტეტი,პოლიტიკური მეცნიერება,ვსწავლობ ბაკალავრიატზე (II-IV საფეხურის სტუდენტი),3,3,3,3,3,3,3,4,4,4,4,4,4,4,1,1,1,1,1,1,1,5,5,5,5,3,4,2,5,3,5,1,1,1,5,5,1,1,ვმუშაობ სრულ განაკვეთზე და ვსწავლობ,საჯარო სექტორი,ხელოვნური ინტელექტი და ინფორმაციის/მონაცემების ეთიკური გამოყენება, განათლების ხელმისაწვდომობა, პანდემიები და მათი პრევენცია,,,,,,,,,,,,
10/27/23 13:40,მდედრობითი,21,თბილისის სახელმწიფო უნივერსიტეტი,სოციალური მეცნიერებები,ვსწავლობ ბაკალავრიატზე (II-IV საფეხურის სტუდენტი),1,1,1,1,4,1,1,1,1,1,1,4,1,1,2,4,5,2,2,2,1,2,3,5,3,4,3,4,3,1,4,3,3,1,3,3,3,3,ვმუშაობ სრულ განაკვეთზე და ვსწავლობ,საერთაშორისო ორგანიზაცია,ეკონომიკური კრიზისები, პანდემიები და მათი პრევენცია, არჩევნები და დემოკრატია, (გენდერული) თანასწორობის საკითხები, განათლების ხელმისაწვდომობა,,,,,,,,,,
10/27/23 13:57,მდედრობითი,22,თბილისის სახელმწიფო უნივერსიტეტი,სოციალური მეცნიერებები,ბაკალავრი,1,1,1,1,3,1,1,1,1,1,1,2,1,1,5,5,5,5,5,5,1,5,3,4,4,4,4,4,4,4,4,4,2,1,1,1,3,4,აჰვსწავლობ,,არჩევნები და დემოკრატია, კლიმატის ცვლილება, ეკონომიკური კრიზისები,,,,,,,,,,,,
10/27/23 14:13,მდედრობითი,22,თბილისის სახელმწიფო უნივერსიტეტი,სოციალური მეცნიერებები,ვსწავლობ მაგისტრატურაზე,1,1,3,1,4,1,1,1,1,4,3,5,1,1,5,4,2,3,5,5,1,5,5,1,5,5,5,5,5,5,5,3,1,1,1,1,4,4,ვმუშაობ სრულ განაკვეთზე და ვსწავლობ,კერძო სექტორი,ხელოვნური ინტელექტი და ინფორმაციის/მონაცემების ეთიკური გამოყენება, დეზინფორმაცია და მისინფორმაცია, განათლების ხელმისაწვდომობა,,,,,,,,,,,,
10/27/23 14:50,მდედრობითი,19,თბილისის სახელმწიფო უნივერსიტეტი,პოლიტიკური მეცნიერება,ვსწავლობ ბაკალავრიატზე (II-IV საფეხურის სტუდენტი),1,1,1,3,3,1,1,2,2,2,5,5,2,2,2,5,4,3,5,2,3,5,5,4,5,5,4,5,5,5,4,4,3,1,2,2,1,1,აჰვსწავლობ,,არჩევნები და დემოკრატია, მოსახლეობის მიგრაცია, საზოგადოებრივი ჯანდაცვა,,,,,,,,,,,,
10/27/23 15:43,მდედრობითი,18,თბილისის სახელმწიფო უნივერსიტეტი,სოციალური მეცნიერებები,ვსწავლობ ბაკალავრიატზე (II-IV საფეხურის სტუდენტი),1,1,3,1,2,1,1,1,1,5,1,1,1,1,5,2,2,3,1,5,4,2,4,2,4,2,2,3,3,4,2,5,4,4,4,3,5,5,აჰვსწავლობ,,კლიმატის ცვლილება, კონფლიქტები და მათი შედეგი საზოგადოებაზე, (გენდერული) თანასწორობის საკითხები,,,,,,,,,,,,
10/27/23 15:46,მამრობითი,26,თბილისის სახელმწიფო უნივერსიტეტი,სოციალური მეცნიერებები,დოქტორანტი,1,1,3,3,2,1,1,3,3,5,3,5,3,3,5,5,4,3,4,4,5,5,5,5,5,5,5,5,5,5,5,5,3,3,4,4,3,4,ვმუშაობ სრულ განაკვეთზე და ვსწავლობ,კერძო სექტორი,ურბანიზაცია, განათლების ხელმისაწვდომობა, საზოგადოებრივი ჯანდაცვა,,,,,,,,,,,,
10/27/23 15:47,მდედრობითი,27,თბილისის სახელმწიფო უნივერსიტეტი,სოციალური მეცნიერებები,მაგისტრი,3,1,4,3,3,1,1,4,1,4,4,5,1,1,5,5,5,2,3,2,5,5,5,4,5,5,5,5,5,5,5,4,1,1,2,3,1,3,ვმუშაობ სრულ განაკვეთზე და ვსწავლობ,არასამთავრობო ორგანიზაცია,დეზინფორმაცია და მისინფორმაცია, არჩევნები და დემოკრატია, ურბანიზაცია,,,,,,,,,,,,
10/27/23 15:48,მდედრობითი,42,თბილისის სახელმწიფო უნივერსიტეტი,სოციალური მეცნიერებები,დოქტორანტი,1,1,1,1,1,1,1,2,2,2,2,3,2,2,5,5,3,3,3,3,4,4,4,3,4,3,3,3,4,4,3,5,5,4,5,5,4,4,ვმუშაობ სრულ განაკვეთზე და ვსწავლობ,საჯარო სექტორი,განათლების ხელმისაწვდომობა, კონფლიქტები და მათი შედეგი საზოგადოებაზე, კლიმატის ცვლილება, საზოგადოებრივი ჯანდაცვა, ეკონომიკური კრიზისები, დეზინფორმაცია და მისინფორმაცია, (გენდერული) თანასწორობის საკითხები, არჩევნები და დემოკრატია, სასურსათო უსაფრთხოება და ნუტრიცია, ხელოვნური ინტელექტი და ინფორმაციის/მონაცემების ეთიკური გამოყენება,,,,,
10/27/23 15:49,მდედრობითი,27,თბილისის სახელმწიფო უნივერსიტეტი,სოციალური მეცნიერებები,დოქტორანტი,2,1,4,3,3,1,1,5,3,5,5,4,3,3,5,5,5,3,4,4,4,5,4,4,5,5,4,4,4,5,4,5,4,2,2,4,4,4,ვმუშაობ სრულ განაკვეთზე და ვსწავლობ,არასამთავრობო ორგანიზაცია,განათლების ხელმისაწვდომობა, საზოგადოებრივი ჯანდაცვა, დეზინფორმაცია და მისინფორმაცია,,,,,,,,,,,,
10/27/23 15:50,მამრობითი,25,თბილისის სახელმწიფო უნივერსიტეტი,სოციალური მეცნიერებები,ვსწავლობ მაგისტრატურაზე,1,1,1,1,4,1,1,1,1,1,1,3,1,1,1,3,3,3,3,3,3,3,3,3,3,3,3,3,3,3,3,3,3,3,3,3,3,3,აჰვსწავლობ,,არჩევნები და დემოკრატია, საზოგადოებრივი ჯანდაცვა, ეკონომიკური კრიზისები, განათლების ხელმისაწვდომობა,,,,,,,,,,,
10/27/23 16:23,მამრობითი,33,თბილისის სახელმწიფო უნივერსიტეტი,სოციალური მეცნიერებები,დოქტორანტი,1,1,4,1,1,1,1,2,2,5,4,5,2,2,5,5,5,3,3,3,3,5,4,4,4,5,3,4,4,5,4,4,3,3,3,2,2,2,ვმუშაობ სრულ განაკვეთზე,კერძო სექტორი,კლიმატის ცვლილება, ეკონომიკური კრიზისები, დეზინფორმაცია და მისინფორმაცია,,,,,,,,,,,,
10/27/23 17:49,მდედრობითი,27,თბილისის სახელმწიფო უნივერსიტეტი,სოციალური მეცნიერებები,დოქტორანტი,1,1,3,1,4,1,4,5,4,5,3,5,3,5,5,5,5,3,3,3,5,4,4,3,4,3,3,5,4,3,5,4,5,5,5,5,3,3,ვმუშაობ სრულ განაკვეთზე და ვსწავლობ,საჯარო სექტორი,არჩევნები და დემოკრატია, ხელოვნური ინტელექტი და ინფორმაციის/მონაცემების ეთიკური გამოყენება, განათლების ხარისხი,,,,,,,,,,,,
10/27/23 18:37,მამრობითი,37,თბილისის სახელმწიფო უნივერსიტეტი,სოციალური მეცნიერებები,დოქტორანტი,1,1,1,1,4,1,1,1,1,1,1,3,1,1,2,2,2,1,1,3,1,3,3,3,4,5,4,4,4,3,4,3,1,1,2,1,1,2,ვმუშაობ სრულ განაკვეთზე და ვსწავლობ,საჯარო სექტორი,პანდემიები და მათი პრევენცია, კონფლიქტები და მათი შედეგი საზოგადოებაზე, კლიმატის ცვლილება,,,,,,,,,,,,
10/27/23 19:57,მამრობითი,27,თბილისის სახელმწიფო უნივერსიტეტი,სოციალური მეცნიერებები,დოქტორანტი,1,1,1,1,3,1,1,1,1,1,1,2,1,1,2,2,2,3,5,4,2,5,4,1,5,5,4,4,5,5,4,3,2,1,2,1,5,5,ვმუშაობ სრულ განაკვეთზე და ვსწავლობ,საჯარო სექტორი,პანდემიები და მათი პრევენცია, მოსახლეობის მიგრაცია, კლიმატის ცვლილება, არჩევნები და დემოკრატია, ხელოვნური ინტელექტი და ინფორმაციის/მონაცემების ეთიკური გამოყენება, ეკონომიკური კრიზისები, დეზინფორმაცია და მისინფორმაცია, სასურსათო უსაფრთხოება და ნუტრიცია,,,,,,,
10/27/23 22:22,მდედრობითი,36,თბილისის სახელმწიფო უნივერსიტეტი,სოციალური მეცნიერებები,დოქტორანტი,2,4,1,2,4,1,2,1,5,1,1,3,1,3,4,5,5,5,3,3,5,5,3,4,5,4,4,4,5,5,5,3,4,3,3,3,3,3,ვმუშაობ სრულ განაკვეთზე და ვსწავლობ,საერთაშორისო ორგანიზაცია,არჩევნები და დემოკრატია, (გენდერული) თანასწორობის საკითხები, კლიმატის ცვლილება,,,,,,,,,,,,
10/28/23 00:08,მამრობითი,32,თბილისის სახელმწიფო უნივერსიტეტი,სოციალური მეცნიერებები,დოქტორანტი,1,1,3,4,3,1,1,4,2,3,3,3,1,1,4,4,4,4,4,4,4,4,4,3,5,4,3,2,3,4,4,4,3,2,4,4,4,4,ვმუშაობ სრულ განაკვეთზე და ვსწავლობ,აკადემია,განათლების ხელმისაწვდომობა, ხელოვნური ინტელექტი და ინფორმაციის/მონაცემების ეთიკური გამოყენება, საზოგადოებრივი ჯანდაცვა,,,,,,,,,,,,
10/28/23 06:52,მდედრობითი,45,თბილისის სახელმწიფო უნივერსიტეტი,სოციალური მეცნიერებები,დოქტორანტი,1,1,2,1,3,1,1,1,1,3,1,4,1,1,4,3,4,3,4,4,2,5,5,5,5,5,5,5,5,5,5,3,3,1,4,3,4,4,ვმუშაობ სრულ განაკვეთზე,თვითდასაქმებული,ხელოვნური ინტელექტი და ინფორმაციის/მონაცემების ეთიკური გამოყენება, არჩევნები და დემოკრატია, (გენდერული) თანასწორობის საკითხები,,,,,,,,,,,,
10/28/23 07:31,მდედრობითი,53,თბილისის სახელმწიფო უნივერსიტეტი,სოციალური მეცნიერებები,დოქტორანტი,1,1,1,2,4,2,1,1,2,1,5,5,5,1,1,3,1,1,1,1,1,5,3,4,1,5,1,5,5,1,5,2,3,1,2,2,5,4,ვმუშაობ სრულ განაკვეთზე და ვსწავლობ,საერთაშორისო ორგანიზაცია,ხელოვნური ინტელექტი და ინფორმაციის/მონაცემების ეთიკური გამოყენება, კლიმატის ცვლილება, განათლების ხელმისაწვდომობა,,,,,,,,,,,,
10/28/23 09:45,მდედრობითი,32,შავი ზღვის საერთაშორისო უნივერსიტეტი,სოციალური მეცნიერებები,მაგისტრი,1,1,1,1,2,1,1,1,1,1,1,1,1,1,2,2,1,2,2,2,1,3,3,2,3,3,2,3,3,3,3,2,1,1,1,1,1,2,ვმუშაობ სრულ განაკვეთზე,კერძო სექტორი,დეზინფორმაცია და მისინფორმაცია, პანდემიები და მათი პრევენცია, ხელოვნური ინტელექტი და ინფორმაციის/მონაცემების ეთიკური გამოყენება,,,,,,,,,,,,
10/28/23 09:52,მამრობითი,28,თბილისის სახელმწიფო უნივერსიტეტი,იურიდიული,მაგისტრი,3,1,1,1,4,4,1,3,1,1,1,5,5,3,5,5,5,5,5,5,5,5,5,5,4,5,5,4,5,5,4,5,5,5,5,5,4,5,ვმუშაობ სრულ განაკვეთზე,საჯარო სექტორი,(გენდერული) თანასწორობის საკითხები, ბიომრავალფეროვნება, სასურსათო უსაფრთხოება და ნუტრიცია, არჩევნები და დემოკრატია, განათლების ხელმისაწვდომობა, ურბანიზაცია, ეკონომიკური კრიზისები, მოსახლეობის მიგრაცია, კონფლიქტები და მათი შედეგი საზოგადოებაზე,,,,,,
10/28/23 14:39,მდედრობითი,19,თბილისის სახელმწიფო უნივერსიტეტი,სოციალური მეცნიერებები,ბაკალავრი,1,1,1,1,3,1,1,1,1,1,1,4,1,1,5,5,5,5,5,3,4,3,3,3,3,3,3,3,3,3,2,3,3,2,3,3,3,3,აჰვსწავლობ,,დეზინფორმაცია და მისინფორმაცია, კონფლიქტები და მათი შედეგი საზოგადოებაზე, პანდემიები და მათი პრევენცია, მოსახლეობის მიგრაცია, არჩევნები და დემოკრატია, განათლების ხელმისაწვდომობა,,,,,,,,,
10/29/23 14:38,მამრობითი,19,თბილისის სახელმწიფო უნივერსიტეტი,სოციალური მეცნიერებები,ვსწავლობ ბაკალავრიატზე (II-IV საფეხურის სტუდენტი),1,1,1,1,2,1,1,3,3,3,3,3,3,3,3,3,4,3,4,4,4,3,4,3,5,2,4,4,4,4,3,3,1,1,2,2,1,3,აჰვსწავლობ,,დეზინფორმაცია და მისინფორმაცია, კონფლიქტები და მათი შედეგი საზოგადოებაზე, კლიმატის ცვლილება,,,,,,,,,,,,
10/29/23 18:59,მდედრობითი,32,თბილისის სახელმწიფო უნივერსიტეტი,სოციალური მეცნიერებები,დოქტორანტი,3,1,1,1,3,1,1,1,1,1,1,2,1,1,4,3,3,3,2,3,4,2,2,3,4,3,2,3,3,3,3,3,1,1,1,2,1,3,ვმუშაობ სრულ განაკვეთზე,კერძო სექტორი,განათლების ხელმისაწვდომობა, მოსახლეობის მიგრაცია, (გენდერული) თანასწორობის საკითხები,,,,,,,,,,,,
10/29/23 20:40,მდედრობითი,40,თბილისის სახელმწიფო უნივერსიტეტი,სოციალური მეცნიერებები,დოქტორანტი,1,1,5,3,5,3,1,1,1,5,1,5,5,1,5,5,4,4,4,3,3,4,4,3,5,4,4,3,5,5,5,5,5,3,4,4,4,4,ვმუშაობ სრულ განაკვეთზე და ვსწავლობ,აკადემია,არჩევნები და დემოკრატია, მოსახლეობის მიგრაცია, განათლების ხელმისაწვდომობა,,,,,,,,,,,,
10/30/23 14:55,მდედრობითი,22,შავი ზღვის საერთაშორისო უნივერსიტეტი,სამართალმცოდნეობა,ბაკალავრი,1,1,1,1,2,1,1,1,1,1,1,2,1,1,2,1,1,2,3,3,3,5,4,3,4,5,2,4,3,4,4,2,2,2,3,3,2,2,არც ვსწავლობ და არც ვმუშაობ,,განათლების ხელმისაწვდომობა, ხელოვნური ინტელექტი და ინფორმაციის/მონაცემების ეთიკური გამოყენება, კონფლიქტები და მათი შედეგი საზოგადოებაზე, ეკონომიკური კრიზისები, არჩევნები და დემოკრატია, დეზინფორმაცია და მისინფორმაცია, (გენდერული) თანასწორობის საკითხები,,,,,,,,
10/31/23 08:58,მამრობითი,19,შავი ზღვის საერთაშორისო უნივერსიტეტი,სოციალური მეცნიერებები,ვსწავლობ ბაკალავრიატზე (II-IV საფეხურის სტუდენტი),1,1,1,1,1,1,1,1,1,1,1,3,1,1,5,5,5,4,3,3,3,5,5,4,5,5,5,4,5,5,5,4,4,5,4,4,4,4,ვმუშაობ ნახევარ განაკვეთზე და ვსწავლობ,საერთაშორისო ორგანიზაცია,განათლების ხელმისაწვდომობა, არჩევნები და დემოკრატია, ეკონომიკური კრიზისები,,,,,,,,,,,,
10/31/23 08:59,მდედრობითი,19,შავი ზღვის საერთაშორისო უნივერსიტეტი,სოციალური მეცნიერებები,ვსწავლობ ბაკალავრიატზე (II-IV საფეხურის სტუდენტი),1,1,1,1,2,1,1,1,1,1,1,2,1,1,1,1,1,2,2,4,1,5,3,4,4,3,4,3,5,4,4,2,1,2,1,2,2,2,აჰვსწავლობ,,ხელოვნური ინტელექტი და ინფორმაციის/მონაცემების ეთიკური გამოყენება, არჩევნები და დემოკრატია, განათლების ხელმისაწვდომობა, დეზინფორმაცია და მისინფორმაცია,,,,,,,,,,,
10/31/23 08:59,მამრობითი,19,შავი ზღვის საერთაშორისო უნივერსიტეტი,ჟურნალისტიკა,ვსწავლობ ბაკალავრიატზე (II-IV საფეხურის სტუდენტი),1,1,1,1,1,1,1,1,1,1,1,1,1,1,3,3,3,1,3,3,1,5,5,5,5,5,5,5,5,5,5,5,5,2,2,2,3,3,აჰვსწავლობ,,ეკონომიკური კრიზისები, (გენდერული) თანასწორობის საკითხები, არჩევნები და დემოკრატია,,,,,,,,,,,,
10/31/23 09:01,მდედრობითი,21,შავი ზღვის საერთაშორისო უნივერსიტეტი,სოციალური მეცნიერებები,ვსწავლობ ბაკალავრიატზე (II-IV საფეხურის სტუდენტი),1,1,1,1,3,1,1,1,1,1,1,3,1,1,5,4,5,4,5,5,4,5,5,5,5,4,4,4,5,3,5,2,3,1,1,1,1,1,ვმუშაობ სრულ განაკვეთზე და ვსწავლობ,კერძო სექტორი,კონფლიქტები და მათი შედეგი საზოგადოებაზე, პანდემიები და მათი პრევენცია, მოსახლეობის მიგრაცია, ურბანიზაცია, განათლების ხელმისაწვდომობა, ხელოვნური ინტელექტი და ინფორმაციის/მონაცემების ეთიკური გამოყენება,,,,,,,,,
10/31/23 09:04,მდედრობითი,21,შავი ზღვის საერთაშორისო უნივერსიტეტი,სოციალური მეცნიერებები,ვსწავლობ ბაკალავრიატზე (II-IV საფეხურის სტუდენტი),1,1,1,1,3,1,1,3,3,3,3,5,3,3,4,5,5,3,3,3,4,5,3,5,5,5,4,4,4,5,5,3,3,1,3,3,2,3,აჰვსწავლობ,,განათლების ხელმისაწვდომობა, დეზინფორმაცია და მისინფორმაცია, საზოგადოებრივი ჯანდაცვა,,,,,,,,,,,,
10/31/23 09:10,მდედრობითი,19,შავი ზღვის საერთაშორისო უნივერსიტეტი,სოციალური მეცნიერებები,ვსწავლობ ბაკალავრიატზე (II-IV საფეხურის სტუდენტი),1,1,1,1,3,1,1,1,1,1,1,3,1,1,5,5,3,3,5,4,2,5,4,5,5,4,5,5,5,5,5,3,3,1,2,3,4,4,ვმუშაობ ნახევარ განაკვეთზე და ვსწავლობ,კერძო სექტორი,კლიმატის ცვლილება, ეკონომიკური კრიზისები, დეზინფორმაცია და მისინფორმაცია, ხელოვნური ინტელექტი და ინფორმაციის/მონაცემების ეთიკური გამოყენება, არჩევნები და დემოკრატია,,,,,,,,,,
10/31/23 09:43,მდედრობითი,35,შავი ზღვის საერთაშორისო უნივერსიტეტი,განათლების მეცნიერებები,დოქტორანტი,1,1,1,1,4,1,1,1,1,1,1,4,1,1,5,5,5,3,5,5,3,4,5,5,5,5,5,4,5,5,5,4,3,1,3,1,3,4,ვმუშაობ სრულ განაკვეთზე და ვსწავლობ,კერძო სექტორი,ეკონომიკური კრიზისები, სასურსათო უსაფრთხოება და ნუტრიცია, კონფლიქტები და მათი შედეგი საზოგადოებაზე,,,,,,,,,,,,
10/31/23 09:48,მდედრობითი,21,შავი ზღვის საერთაშორისო უნივერსიტეტი,სოციალური მეცნიერებები,ვსწავლობ ბაკალავრიატზე (II-IV საფეხურის სტუდენტი),1,1,1,1,1,1,1,1,1,1,1,3,1,1,5,5,5,3,3,5,1,5,5,2,5,1,4,3,4,5,3,3,1,1,3,3,2,4,აჰვსწავლობ,,კონფლიქტები და მათი შედეგი საზოგადოებაზე, დეზინფორმაცია და მისინფორმაცია, ეკონომიკური კრიზისები,,,,,,,,,,,,
10/31/23 10:02,მდედრობითი,18,შავი ზღვის საერთაშორისო უნივერსიტეტი,კომპიუტერული მეცნიერებები,ვსწავლობ ბაკალავრიატზე (II-IV საფეხურის სტუდენტი),1,1,1,1,5,1,1,1,1,1,1,5,1,1,4,3,2,2,1,3,2,5,3,4,4,3,3,2,5,2,5,3,2,2,3,3,3,4,აჰვსწავლობ,,ეკონომიკური კრიზისები, სასურსათო უსაფრთხოება და ნუტრიცია, (გენდერული) თანასწორობის საკითხები,,,,,,,,,,,,
10/31/23 10:06,მამრობითი,20,შავი ზღვის საერთაშორისო უნივერსიტეტი,კომპიუტერული მეცნიერებები,ვსწავლობ ბაკალავრიატზე (II-IV საფეხურის სტუდენტი),1,4,1,1,4,1,1,1,5,1,1,3,1,1,2,5,4,1,1,2,5,5,2,1,3,5,3,2,4,1,5,1,1,4,3,2,1,1,ვმუშაობ ნახევარ განაკვეთზე და ვსწავლობ,კერძო სექტორი,განათლების ხელმისაწვდომობა, ხელოვნური ინტელექტი და ინფორმაციის/მონაცემების ეთიკური გამოყენება, დეზინფორმაცია და მისინფორმაცია,,,,,,,,,,,,
10/31/23 10:39,მამრობითი,21,შავი ზღვის საერთაშორისო უნივერსიტეტი,კომპიუტერული მეცნიერებები,ვსწავლობ ბაკალავრიატზე (II-IV საფეხურის სტუდენტი),1,2,1,1,4,2,1,2,4,2,2,2,2,2,1,3,3,2,2,2,5,5,3,5,2,4,4,3,4,3,5,1,2,4,4,3,1,1,ვმუშაობ სრულ განაკვეთზე და ვსწავლობ,კერძო სექტორი,ხელოვნური ინტელექტი და ინფორმაციის/მონაცემების ეთიკური გამოყენება, დეზინფორმაცია და მისინფორმაცია, განათლების ხელმისაწვდომობა,,,,,,,,,,,,
10/31/23 10:40,მამრობითი,19,შავი ზღვის საერთაშორისო უნივერსიტეტი,ბიზნეს ადმინისტრირება,ვსწავლობ ბაკალავრიატზე (II-IV საფეხურის სტუდენტი),1,1,1,1,1,1,1,1,1,1,1,1,1,1,4,4,3,3,4,3,5,4,5,4,5,4,4,4,4,4,4,3,3,1,1,3,2,2,აჰვსწავლობ,,(გენდერული) თანასწორობის საკითხები, კლიმატის ცვლილება, მოსახლეობის მიგრაცია,,,,,,,,,,,,
10/31/23 10:51,უარი პასუხზე,19,შავი ზღვის საერთაშორისო უნივერსიტეტი,მარკეტინგი,ვსწავლობ ბაკალავრიატზე (II-IV საფეხურის სტუდენტი),1,1,1,1,4,1,1,1,1,1,1,5,2,2,3,5,3,4,4,4,5,5,5,5,5,5,5,5,5,5,5,2,2,1,1,1,3,2,ვმუშაობ სრულ განაკვეთზე და ვსწავლობ,კერძო სექტორი,განათლების ხელმისაწვდომობა, ეკონომიკური კრიზისები, მოსახლეობის მიგრაცია,,,,,,,,,,,,
10/31/23 11:15,მდედრობითი,20,შავი ზღვის საერთაშორისო უნივერსიტეტი,სამართლისა და სახელმწიფო მმართველობის სკოლა,ვსწავლობ ბაკალავრიატზე (II-IV საფეხურის სტუდენტი),1,1,1,1,1,1,3,1,3,1,1,4,1,4,3,4,4,3,4,4,3,5,4,1,4,5,3,3,5,5,5,3,1,1,1,1,1,1,აჰვსწავლობ,,განათლების ხელმისაწვდომობა, დეზინფორმაცია და მისინფორმაცია, საზოგადოებრივი ჯანდაცვა, მოსახლეობის მიგრაცია, (გენდერული) თანასწორობის საკითხები, ეკონომიკური კრიზისები,,,,,,,,,
10/31/23 11:27,მამრობითი,19,შავი ზღვის საერთაშორისო უნივერსიტეტი,სოციალური მეცნიერებები,ვსწავლობ ბაკალავრიატზე (II-IV საფეხურის სტუდენტი),2,2,2,2,3,1,1,1,1,4,1,4,1,1,4,1,1,2,1,4,1,5,5,1,5,5,5,5,5,5,5,3,1,1,1,1,1,2,ვმუშაობ ნახევარ განაკვეთზე და ვსწავლობ,თვითდასაქმებული,ხელოვნური ინტელექტი და ინფორმაციის/მონაცემების ეთიკური გამოყენება, ეკონომიკური კრიზისები, განათლების ხელმისაწვდომობა,,,,,,,,,,,,
10/31/23 11:44,უარი პასუხზე,20,შავი ზღვის საერთაშორისო უნივერსიტეტი,კომპიუტერული მეცნიერებები,ვსწავლობ ბაკალავრიატზე (II-IV საფეხურის სტუდენტი),1,3,1,1,2,1,1,2,5,1,1,2,1,1,3,3,3,1,1,3,3,4,3,3,3,3,1,3,3,3,3,2,2,3,2,2,1,2,აჰვსწავლობ,,ეკონომიკური კრიზისები, საზოგადოებრივი ჯანდაცვა, დეზინფორმაცია და მისინფორმაცია, კლიმატის ცვლილება, ბიომრავალფეროვნება, არჩევნები და დემოკრატია, ხელოვნური ინტელექტი და ინფორმაციის/მონაცემების ეთიკური გამოყენება,,,,,,,,
10/31/23 12:34,მდედრობითი,19,შავი ზღვის საერთაშორისო უნივერსიტეტი,სამართლისა და სახელწმიფო მმართველობის სკოლა,ვსწავლობ ბაკალავრიატზე (II-IV საფეხურის სტუდენტი),2,1,1,2,5,1,1,1,1,1,1,5,1,1,3,5,5,3,4,4,5,5,5,3,5,5,5,5,4,5,4,2,2,3,3,3,3,3,ვმუშაობ ნახევარ განაკვეთზე და ვსწავლობ,კერძო სექტორი,დეზინფორმაცია და მისინფორმაცია, ხელოვნური ინტელექტი და ინფორმაციის/მონაცემების ეთიკური გამოყენება, განათლების ხელმისაწვდომობა,,,,,,,,,,,,
10/31/23 13:22,მდედრობითი,23,შავი ზღვის საერთაშორისო უნივერსიტეტი,სოციალური მეცნიერებები,ბაკალავრი,1,1,1,1,3,1,1,1,1,1,1,2,1,1,2,2,2,2,2,2,2,3,2,2,3,2,2,3,2,3,3,3,3,3,3,3,3,3,ვმუშაობ სრულ განაკვეთზე,საჯარო სექტორი,განათლების ხელმისაწვდომობა, ეკონომიკური კრიზისები, (გენდერული) თანასწორობის საკითხები, პანდემიები და მათი პრევენცია,,,,,,,,,,,
10/31/23 13:23,მდედრობითი,23,შავი ზღვის საერთაშორისო უნივერსიტეტი,სამართალმცოდნეობა,ვსწავლობ მაგისტრატურაზე,1,1,1,1,3,1,1,1,1,1,1,4,1,1,5,3,4,3,3,4,3,5,3,4,5,5,4,4,5,5,5,3,1,1,4,3,3,4,აჰვსწავლობ,,დეზინფორმაცია და მისინფორმაცია, საზოგადოებრივი ჯანდაცვა, კონფლიქტები და მათი შედეგი საზოგადოებაზე, განათლების ხელმისაწვდომობა, (გენდერული) თანასწორობის საკითხები, ეკონომიკური კრიზისები, ხელოვნური ინტელექტი და ინფორმაციის/მონაცემების ეთიკური გამოყენება, პანდემიები და მათი პრევენცია,,,,,,,
10/31/23 13:23,მდედრობითი,19,შავი ზღვის საერთაშორისო უნივერსიტეტი,სოციალური მეცნიერებები,ვსწავლობ ბაკალავრიატზე (II-IV საფეხურის სტუდენტი),4,3,5,4,5,3,2,4,4,4,4,5,4,4,5,5,5,5,5,5,4,5,4,5,5,5,4,4,5,5,5,3,4,3,5,4,4,4,ვმუშაობ ნახევარ განაკვეთზე და ვსწავლობ,კერძო სექტორი,დეზინფორმაცია და მისინფორმაცია, კონფლიქტები და მათი შედეგი საზოგადოებაზე, ეკონომიკური კრიზისები, ხელოვნური ინტელექტი და ინფორმაციის/მონაცემების ეთიკური გამოყენება,,,,,,,,,,,
10/31/23 15:17,მდედრობითი,19,შავი ზღვის საერთაშორისო უნივერსიტეტი,ბიზნესი,ბაკალავრი,1,1,1,1,4,1,1,1,3,2,1,5,1,1,2,5,3,4,5,4,5,5,4,2,4,4,5,4,5,4,5,2,2,1,2,3,2,2,აჰვსწავლობ,,დეზინფორმაცია და მისინფორმაცია, განათლების ხელმისაწვდომობა, საზოგადოებრივი ჯანდაცვა,,,,,,,,,,,,
10/31/23 15:51,მდედრობითი,18,შავი ზღვის საერთაშორისო უნივერსიტეტი,ეკონომიკა,ვსწავლობ ბაკალავრიატზე (II-IV საფეხურის სტუდენტი),1,1,1,1,3,1,1,1,1,1,1,5,1,1,3,4,2,2,4,3,2,1,4,2,1,2,4,2,3,1,2,2,2,1,1,1,3,3,აჰვსწავლობ,,დეზინფორმაცია და მისინფორმაცია, ეკონომიკური კრიზისები, ხელოვნური ინტელექტი და ინფორმაციის/მონაცემების ეთიკური გამოყენება,,,,,,,,,,,,
10/31/23 15:53,მამრობითი,23,შავი ზღვის საერთაშორისო უნივერსიტეტი,ბიზნესის ადმინისტრირება - მენეჯმენტი,ვსწავლობ ბაკალავრიატზე (II-IV საფეხურის სტუდენტი),3,3,1,1,4,1,1,5,5,5,5,5,3,3,4,5,3,4,3,1,5,5,3,5,5,5,2,5,5,4,4,3,2,2,2,3,4,4,ვმუშაობ ნახევარ განაკვეთზე და ვსწავლობ,კერძო სექტორი,არჩევნები და დემოკრატია, ეკონომიკური კრიზისები, სასურსათო უსაფრთხოება და ნუტრიცია, ხელოვნური ინტელექტი და ინფორმაციის/მონაცემების ეთიკური გამოყენება, პანდემიები და მათი პრევენცია, ურბანიზაცია, კლიმატის ცვლილება, საზოგადოებრივი ჯანდაცვა, განათლების ხელმისაწვდომობა, დეზინფორმაცია და მისინფორმაცია,,,,,
10/31/23 16:27,მამრობითი,21,შავი ზღვის საერთაშორისო უნივერსიტეტი,სოციალური მეცნიერებები,ვსწავლობ ბაკალავრიატზე (II-IV საფეხურის სტუდენტი),3,1,5,1,5,1,5,2,1,3,1,4,1,3,5,4,3,3,4,4,2,5,5,3,5,5,5,5,5,5,5,5,5,2,5,5,3,3,აჰვსწავლობ,,დეზინფორმაცია და მისინფორმაცია, არჩევნები და დემოკრატია, მოსახლეობის მიგრაცია,,,,,,,,,,,,
10/31/23 17:47,მდედრობითი,28,თბილისის სახელმწიფო უნივერსიტეტი,სოციალური მეცნიერებები,მაგისტრი,1,1,4,2,5,1,3,1,1,4,2,5,1,2,4,4,3,2,3,2,1,3,4,4,4,4,3,3,4,5,5,5,3,1,2,4,2,2,ვმუშაობ სრულ განაკვეთზე,არასამთავრობო ორგანიზაცია,დეზინფორმაცია და მისინფორმაცია, კონფლიქტები და მათი შედეგი საზოგადოებაზე, არჩევნები და დემოკრატია,,,,,,,,,,,,
10/31/23 18:12,მდედრობითი,22,შავი ზღვის საერთაშორისო უნივერსიტეტი,ბიზნესის სკოლა,ვსწავლობ ბაკალავრიატზე (II-IV საფეხურის სტუდენტი),1,1,2,1,4,1,1,1,1,2,1,5,1,1,2,3,2,2,4,4,1,5,4,4,5,5,4,4,5,4,5,3,2,1,1,1,1,1,ვმუშაობ ნახევარ განაკვეთზე და ვსწავლობ,კერძო სექტორი,კონფლიქტები და მათი შედეგი საზოგადოებაზე, ხელოვნური ინტელექტი და ინფორმაციის/მონაცემების ეთიკური გამოყენება, ეკონომიკური კრიზისები,,,,,,,,,,,,
10/31/23 22:58,მდედრობითი,21,შავი ზღვის საერთაშორისო უნივერსიტეტი,ბიზნესის ადმინისტრირება,ვსწავლობ ბაკალავრიატზე (II-IV საფეხურის სტუდენტი),1,1,1,1,5,1,1,1,1,1,1,5,1,1,5,4,2,3,4,4,3,5,5,5,5,5,5,4,4,3,3,3,3,1,3,3,3,3,აჰვსწავლობ,,კლიმატის ცვლილება, ხელოვნური ინტელექტი და ინფორმაციის/მონაცემების ეთიკური გამოყენება,,,,,,,,,,,,,
11/1/23 11:28,მამრობითი,21,შავი ზღვის საერთაშორისო უნივერსიტეტი,School of Business,ვსწავლობ ბაკალავრიატზე (II-IV საფეხურის სტუდენტი),1,3,1,1,5,1,1,1,3,1,1,5,1,1,5,5,5,3,3,4,2,5,1,3,2,5,4,2,5,5,4,3,3,4,3,4,4,5,ვმუშაობ სრულ განაკვეთზე და ვსწავლობ,კერძო სექტორი,დეზინფორმაცია და მისინფორმაცია, კლიმატის ცვლილება, ეკონომიკური კრიზისები,,,,,,,,,,,,
11/1/23 12:26,მამრობითი,24,შავი ზღვის საერთაშორისო უნივერსიტეტი,კომპიუტერული მეცნიერებები,ბაკალავრი,1,3,1,1,5,1,1,3,5,3,3,5,3,3,3,4,4,2,1,2,5,5,3,3,3,3,3,3,4,3,3,2,2,4,2,3,2,2,ვმუშაობ სრულ განაკვეთზე,კერძო სექტორი,ეკონომიკური კრიზისები, საზოგადოებრივი ჯანდაცვა, არჩევნები და დემოკრატია,,,,,,,,,,,,
11/1/23 17:42,მდედრობითი,32,შავი ზღვის საერთაშორისო უნივერსიტეტი,ინგლისური ფილოლოგია,მაგისტრი,1,1,1,1,4,1,1,1,1,1,1,5,1,1,5,5,5,5,5,5,5,5,5,5,5,5,5,5,5,5,5,3,3,1,3,3,3,3,ვმუშაობ სრულ განაკვეთზე,საერთაშორისო ორგანიზაცია,განათლების ხელმისაწვდომობა, ხელოვნური ინტელექტი და ინფორმაციის/მონაცემების ეთიკური გამოყენება, დეზინფორმაცია და მისინფორმაცია,,,,,,,,,,,,
11/2/23 14:06,მამრობითი,24,შავი ზღვის საერთაშორისო უნივერსიტეტი,კომპიუტერული მეცნიერებები,ბაკალავრი,2,3,1,1,3,1,1,1,2,1,1,1,1,1,1,1,1,1,1,1,2,5,3,3,2,4,3,4,4,2,5,1,2,3,2,2,1,1,აჰვსწავლობ,,ეკონომიკური კრიზისები, არჩევნები და დემოკრატია, კლიმატის ცვლილება,,,,,,,,,,,,
11/2/23 21:10,მდედრობითი,19,შავი ზღვის საერთაშორისო უნივერსიტეტი,მენეჯმენტი,ვსწავლობ ბაკალავრიატზე (II-IV საფეხურის სტუდენტი),1,1,1,1,3,1,1,2,2,2,2,4,2,2,4,3,5,4,4,3,2,5,5,3,5,2,5,4,5,2,3,2,2,1,2,2,2,2,აჰვსწავლობ,,ეკონომიკური კრიზისები, განათლების ხელმისაწვდომობა, მოსახლეობის მიგრაცია,,,,,,,,,,,,
11/3/23 09:14,მდედრობითი,24,შავი ზღვის საერთაშორისო უნივერსიტეტი,Business administration management,ბაკალავრი,1,1,1,1,4,1,1,5,5,5,5,5,5,5,1,1,1,1,1,1,5,5,5,1,5,2,3,4,3,5,2,2,1,1,1,1,1,1,ვმუშაობ სრულ განაკვეთზე,კერძო სექტორი,კლიმატის ცვლილება, განათლების ხელმისაწვდომობა, ეკონომიკური კრიზისები,,,,,,,,,,,,
11/3/23 19:51,მამრობითი,29,შავი ზღვის საერთაშორისო უნივერსიტეტი,ამერიკისმცოდნეობა,დოქტორანტი,1,1,1,1,3,1,1,1,1,1,1,3,1,1,5,5,5,5,5,5,5,4,5,4,5,5,3,4,5,5,5,5,5,4,5,5,3,3,ვმუშაობ ნახევარ განაკვეთზე და ვსწავლობ,კერძო სექტორი,(გენდერული) თანასწორობის საკითხები, ეკონომიკური კრიზისები, განათლების ხელმისაწვდომობა, პანდემიები და მათი პრევენცია, დეზინფორმაცია და მისინფორმაცია, კონფლიქტები და მათი შედეგი საზოგადოებაზე, საზოგადოებრივი ჯანდაცვა, მოსახლეობის მიგრაცია, ხელოვნური ინტელექტი და ინფორმაციის/მონაცემების ეთიკური გამოყენება,,,,,,
11/4/23 12:52,მდედრობითი,21,შავი ზღვის საერთაშორისო უნივერსიტეტი,სოციალური მეცნიერებები,ვსწავლობ ბაკალავრიატზე (II-IV საფეხურის სტუდენტი),1,1,2,1,4,1,1,1,1,2,1,4,1,1,3,3,4,3,3,4,2,5,4,5,5,5,4,5,5,5,4,3,2,1,3,3,4,4,აჰვსწავლობ,,კონფლიქტები და მათი შედეგი საზოგადოებაზე, (გენდერული) თანასწორობის საკითხები, დეზინფორმაცია და მისინფორმაცია,,,,,,,,,,,,
11/5/23 14:45,მამრობითი,25,შავი ზღვის საერთაშორისო უნივერსიტეტი,Business and Technologies,ბაკალავრი,1,3,1,1,3,1,1,1,4,1,1,1,1,1,2,4,4,2,1,1,5,1,5,5,1,5,4,1,4,3,5,2,3,5,3,3,1,1,ვმუშაობ სრულ განაკვეთზე,კერძო სექტორი,ეკონომიკური კრიზისები, სასურსათო უსაფრთხოება და ნუტრიცია,,,,,,,,,,,,,
11/6/23 09:33,მდედრობითი,28,შავი ზღვის საერთაშორისო უნივერსიტეტი,სამართალმცოდნეობა,მაგისტრი,1,2,1,1,3,1,1,1,1,1,1,5,1,1,3,3,3,3,3,3,3,5,4,4,3,3,5,5,4,3,5,3,3,3,3,3,3,3,ვმუშაობ სრულ განაკვეთზე და ვსწავლობ,კერძო სექტორი,(გენდერული) თანასწორობის საკითხები, დეზინფორმაცია და მისინფორმაცია, განათლების ხელმისაწვდომობა,,,,,,,,,,,,
11/6/23 09:34,მამრობითი,29,შავი ზღვის საერთაშორისო უნივერსიტეტი,სოციალური მეცნიერებები,მაგისტრი,1,1,2,3,4,2,2,1,1,1,3,4,1,1,4,4,4,2,4,2,3,5,4,4,5,4,4,4,5,5,4,4,4,2,3,3,5,5,ვმუშაობ სრულ განაკვეთზე,კერძო სექტორი,მოსახლეობის მიგრაცია, ხელოვნური ინტელექტი და ინფორმაციის/მონაცემების ეთიკური გამოყენება, საზოგადოებრივი ჯანდაცვა, ბიომრავალფეროვნება, პანდემიები და მათი პრევენცია, კონფლიქტები და მათი შედეგი საზოგადოებაზე, ეკონომიკური კრიზისები, განათლების ხელმისაწვდომობა, ურბანიზაცია, დეზინფორმაცია და მისინფორმაცია,,,,,
11/6/23 09:50,მამრობითი,36,შავი ზღვის საერთაშორისო უნივერსიტეტი,სოციალური მეცნიერებები,მაგისტრი,1,1,1,1,5,1,1,1,1,1,1,4,1,1,2,4,4,2,3,2,1,5,5,3,5,2,4,2,4,4,5,3,4,2,5,4,3,3,ვმუშაობ სრულ განაკვეთზე და ვსწავლობ,კერძო სექტორი,ეკონომიკური კრიზისები, მოსახლეობის მიგრაცია, დეზინფორმაცია და მისინფორმაცია,,,,,,,,,,,,
11/6/23 10:23,მდედრობითი,33,შავი ზღვის საერთაშორისო უნივერსიტეტი,სოციალური მეცნიერებები,დოქტორი,1,1,3,3,4,1,1,1,1,3,1,4,1,1,5,5,5,5,5,5,3,3,4,3,5,4,2,3,5,4,4,4,3,1,3,3,3,3,ვმუშაობ სრულ განაკვეთზე,კერძო სექტორი,ურბანიზაცია, მოსახლეობის მიგრაცია, ხელოვნური ინტელექტი და ინფორმაციის/მონაცემების ეთიკური გამოყენება, არჩევნები და დემოკრატია, კონფლიქტები და მათი შედეგი საზოგადოებაზე, დეზინფორმაცია და მისინფორმაცია, ეკონომიკური კრიზისები, საზოგადოებრივი ჯანდაცვა,,,,,,,
11/6/23 10:26,მამრობითი,27,შავი ზღვის საერთაშორისო უნივერსიტეტი,სოციალური მეცნიერებები,მაგისტრი,1,1,3,1,4,1,1,1,1,1,1,3,1,1,4,5,2,2,5,3,5,5,3,1,4,3,3,2,5,5,4,3,3,1,4,4,4,4,ვმუშაობ სრულ განაკვეთზე,საჯარო სექტორი,ხელოვნური ინტელექტი და ინფორმაციის/მონაცემების ეთიკური გამოყენება, დეზინფორმაცია და მისინფორმაცია, კლიმატის ცვლილება,,,,,,,,,,,,
11/6/23 11:24,მდედრობითი,30,შავი ზღვის საერთაშორისო უნივერსიტეტი,კომპიუტერული მეცნიერებები,ბაკალავრი,1,1,1,1,5,1,1,1,1,1,1,1,1,1,5,5,5,1,1,1,5,5,3,4,5,2,2,3,5,4,5,2,4,1,2,2,1,1,აჰვსწავლობ,,ბიომრავალფეროვნება, პანდემიები და მათი პრევენცია, ურბანიზაცია, კლიმატის ცვლილება, მოსახლეობის მიგრაცია, ხელოვნური ინტელექტი და ინფორმაციის/მონაცემების ეთიკური გამოყენება, დეზინფორმაცია და მისინფორმაცია, განათლების ხელმისაწვდომობა, (გენდერული) თანასწორობის საკითხები, არჩევნები და დემოკრატია, სასურსათო უსაფრთხოება და ნუტრიცია, საზოგადოებრივი ჯანდაცვა, კონფლიქტები და მათი შედეგი საზოგადოებაზე, ეკონომიკური კრიზისები,
11/6/23 12:03,მდედრობითი,35,შავი ზღვის საერთაშორისო უნივერსიტეტი,ბიზნეს ადმინისტრირება,მაგისტრი,1,1,1,1,3,1,1,1,1,1,1,2,1,1,3,4,4,3,3,3,3,5,4,3,5,5,4,4,5,5,4,2,2,1,3,1,2,2,ვმუშაობ სრულ განაკვეთზე,კერძო სექტორი,ეკონომიკური კრიზისები, საზოგადოებრივი ჯანდაცვა, ურბანიზაცია,,,,,,,,,,,,
11/6/23 12:43,მდედრობითი,28,შავი ზღვის საერთაშორისო უნივერსიტეტი,სოციალური მეცნიერებები,მაგისტრი,1,1,1,1,3,1,1,1,1,1,1,1,1,1,5,4,3,5,4,5,3,4,5,5,5,5,5,4,4,3,5,5,5,2,4,5,5,5,ვმუშაობ სრულ განაკვეთზე,თვითდასაქმებული,კლიმატის ცვლილება, განათლების ხელმისაწვდომობა, დეზინფორმაცია და მისინფორმაცია,,,,,,,,,,,,
11/6/23 14:45,მდედრობითი,27,შავი ზღვის საერთაშორისო უნივერსიტეტი,საერთაშორისო ურთიერთობები,დოქტორანტი,5,2,2,1,4,1,1,5,4,1,3,3,1,1,5,5,5,5,5,3,3,4,5,5,3,5,5,4,5,4,5,5,5,2,5,5,5,3,აჰვსწავლობ,,დეზინფორმაცია და მისინფორმაცია, არჩევნები და დემოკრატია, ხელოვნური ინტელექტი და ინფორმაციის/მონაცემების ეთიკური გამოყენება,,,,,,,,,,,,
11/6/23 17:46,მამრობითი,27,შავი ზღვის საერთაშორისო უნივერსიტეტი,ბიზნესის ადმინისტრირება,დოქტორანტი,1,1,5,3,5,1,5,3,3,5,3,5,3,5,5,5,5,3,3,5,4,5,5,4,5,4,5,5,5,5,5,5,5,3,5,5,4,5,ვმუშაობ სრულ განაკვეთზე და ვსწავლობ,კერძო სექტორი,დეზინფორმაცია და მისინფორმაცია, განათლების ხელმისაწვდომობა, კონფლიქტები და მათი შედეგი საზოგადოებაზე,,,,,,,,,,,,
11/6/23 20:24,მამრობითი,27,შავი ზღვის საერთაშორისო უნივერსიტეტი,Business Management,ბაკალავრი,1,3,1,1,1,1,1,1,2,1,1,1,1,1,1,1,1,1,1,1,5,5,5,5,2,3,2,2,4,2,2,3,3,5,2,5,1,1,ვმუშაობ სრულ განაკვეთზე,კერძო სექტორი,მოსახლეობის მიგრაცია, დეზინფორმაცია და მისინფორმაცია, ეკონომიკური კრიზისები,,,,,,,,,,,,
11/6/23 20:32,მდედრობითი,20,თბილისის სახელმწიფო უნივერსიტეტი,სოციალურ და პოლიტიკურ მეცნიერებათა ფაკულტეტი,ვსწავლობ ბაკალავრიატზე (II-IV საფეხურის სტუდენტი),1,1,1,1,4,1,1,1,1,1,1,4,1,1,3,5,3,2,3,3,4,5,3,3,4,3,1,3,4,3,4,3,2,1,3,2,1,1,აჰვსწავლობ,,დეზინფორმაცია და მისინფორმაცია, (გენდერული) თანასწორობის საკითხები, განათლების ხელმისაწვდომობა,,,,,,,,,,,,
11/6/23 20:32,მდედრობითი,21,თბილისის სახელმწიფო უნივერსიტეტი,ჟურნალისტიკა და მასობრივი კომუნიკაცია,ვსწავლობ ბაკალავრიატზე (II-IV საფეხურის სტუდენტი),1,1,1,1,4,1,1,3,3,3,3,3,3,3,5,2,5,1,5,3,4,5,5,4,5,5,3,5,5,3,5,3,2,2,2,2,2,3,აჰვსწავლობ,,დეზინფორმაცია და მისინფორმაცია, ხელოვნური ინტელექტი და ინფორმაციის/მონაცემების ეთიკური გამოყენება, მოსახლეობის მიგრაცია,,,,,,,,,,,,
11/6/23 21:09,მდედრობითი,21,თბილისის სახელმწიფო უნივერსიტეტი,სოციოლოგიის და პოლიტიკურ მეცნიერებათა ფაკულტეტი,ვსწავლობ ბაკალავრიატზე (II-IV საფეხურის სტუდენტი),1,1,1,1,3,1,1,1,1,1,1,3,1,1,5,5,5,3,3,3,4,5,4,3,5,4,5,4,3,4,3,3,3,1,2,3,5,4,აჰვსწავლობ,,არჩევნები და დემოკრატია, განათლების ხელმისაწვდომობა, მოსახლეობის მიგრაცია, კლიმატის ცვლილება, (გენდერული) თანასწორობის საკითხები, დეზინფორმაცია და მისინფორმაცია, ხელოვნური ინტელექტი და ინფორმაციის/მონაცემების ეთიკური გამოყენება,,,,,,,,
11/7/23 11:16,მდედრობითი,26,შავი ზღვის საერთაშორისო უნივერსიტეტი,სოციალური მეცნიერებები,მაგისტრი,1,1,3,1,4,1,1,1,2,5,5,5,1,1,5,5,5,5,5,5,4,5,4,4,4,5,5,4,5,5,5,5,5,3,5,5,5,5,ვმუშაობ სრულ განაკვეთზე,აკადემია,განათლების ხელმისაწვდომობა, არჩევნები და დემოკრატია, დეზინფორმაცია და მისინფორმაცია,,,,,,,,,,,,
11/7/23 15:21,მდედრობითი,22,თბილისის სახელმწიფო უნივერსიტეტი,სოციალური მეცნიერებები,ვსწავლობ ბაკალავრიატზე (II-IV საფეხურის სტუდენტი),1,1,1,1,1,1,1,1,1,1,1,1,1,1,4,3,3,1,2,4,3,5,5,5,5,5,5,5,5,5,5,5,5,5,5,5,5,5,ვმუშაობ ნახევარ განაკვეთზე და ვსწავლობ,არასამთავრობო ორგანიზაცია,(გენდერული) თანასწორობის საკითხები, კონფლიქტები და მათი შედეგი საზოგადოებაზე, ხელოვნური ინტელექტი და ინფორმაციის/მონაცემების ეთიკური გამოყენება,,,,,,,,,,,,
11/9/23 20:39,მდედრობითი,37,შავი ზღვის საერთაშორისო უნივერსიტეტი,ამერიკათმცოდნეობა,დოქტორანტი,1,1,1,1,2,1,1,1,1,1,1,2,1,1,5,4,2,2,2,2,1,3,5,5,2,5,5,3,5,2,4,3,1,1,1,1,1,1,ვმუშაობ ნახევარ განაკვეთზე და ვსწავლობ,თვითდასაქმებული,დეზინფორმაცია და მისინფორმაცია, არჩევნები და დემოკრატია, კონფლიქტები და მათი შედეგი საზოგადოებაზე,,,,,,,,,,,,
11/14/23 12:20,მდედრობითი,25,თბილისის სახელმწიფო უნივერსიტეტი,სოციალური მეცნიერებები,მაგისტრი,1,1,3,1,4,1,1,2,1,5,5,5,1,1,5,5,5,4,4,4,3,5,5,1,3,4,5,2,5,5,5,5,3,1,4,3,5,5,ვმუშაობ სრულ განაკვეთზე,საჯარო სექტორი,არჩევნები და დემოკრატია, განათლების ხელმისაწვდომობა,,,,,,,,,,,,,
11/14/23 14:57,მამრობითი,33,თბილისის სახელმწიფო უნივერსიტეტი,სოციალური მეცნიერებები,მაგისტრი,1,3,1,1,5,1,1,3,4,1,1,5,1,1,1,5,5,1,1,1,5,5,2,2,1,1,5,1,5,3,4,1,5,5,5,5,1,1,ვმუშაობ სრულ განაკვეთზე,კერძო სექტორი,ურბანიზაცია, კონფლიქტები და მათი შედეგი საზოგადოებაზე, დეზინფორმაცია და მისინფორმაცია, კლიმატის ცვლილება, მოსახლეობის მიგრაცია, ხელოვნური ინტელექტი და ინფორმაციის/მონაცემების ეთიკური გამოყენება,,,,,,,,,
11/14/23 15:47,მდედრობითი,25,შავი ზღვის საერთაშორისო უნივერსიტეტი,სოციალური მეცნიერებები,ბაკალავრი,1,1,1,1,4,1,1,1,1,1,1,4,1,1,1,4,5,2,5,3,2,5,5,5,5,5,5,5,5,5,5,1,1,1,5,1,1,1,ვმუშაობ სრულ განაკვეთზე,კერძო სექტორი,ხელოვნური ინტელექტი და ინფორმაციის/მონაცემების ეთიკური გამოყენება, განათლების ხელმისაწვდომობა, კონფლიქტები და მათი შედეგი საზოგადოებაზე, დეზინფორმაცია და მისინფორმაცია, (გენდერული) თანასწორობის საკითხები, კლიმატის ცვლილება, საზოგადოებრივი ჯანდაცვა, არჩევნები და დემოკრატია,,,,,,,
11/16/23 20:15,მდედრობითი,26,შავი ზღვის საერთაშორისო უნივერსიტეტი,სოციალური მეცნიერებები,ბაკალავრი,1,1,1,1,4,1,1,1,1,1,1,4,1,1,3,3,1,3,4,4,1,4,3,1,4,2,3,3,2,1,4,1,1,1,1,3,1,4,ვმუშაობ სრულ განაკვეთზე,კერძო სექტორი,კლიმატის ცვლილება, ეკონომიკური კრიზისები, დეზინფორმაცია და მისინფორმაცია,,,,,,,,,,,,
11/17/23 08:40,მდედრობითი,25,თბილისის სახელმწიფო უნივერსიტეტი,"სოციალური მეცნიერებები,",მაგისტრი,1,1,4,1,5,1,1,3,3,5,3,5,3,3,5,5,5,3,3,5,4,5,5,5,5,5,5,4,4,5,4,5,3,1,5,3,2,5,ვმუშაობ სრულ განაკვეთზე,საჯარო სექტორი,(გენდერული) თანასწორობის საკითხები, განათლების ხელმისაწვდომობა, ხელოვნური ინტელექტი და ინფორმაციის/მონაცემების ეთიკური გამოყენება, არჩევნები და დემოკრატია,,,,,,,,,,,
11/20/23 14:27,მდედრობითი,27,თბილისის სახელმწიფო უნივერსიტეტი,სოციალური მეცნიერებები,დოქტორანტი,1,1,4,3,4,1,1,1,1,5,5,5,1,1,5,5,5,4,5,4,4,5,3,4,4,5,4,3,5,5,5,5,3,2,4,4,4,5,ვმუშაობ სრულ განაკვეთზე და ვსწავლობ,კერძო სექტორი,განათლების ხელმისაწვდომობა, დეზინფორმაცია და მისინფორმაცია, ურბანიზაცია,,,,,,,,,,,,
11/20/23 14:52,მდედრობითი,26,თბილისის სახელმწიფო უნივერსიტეტი,სამართალი,ბაკალავრი,1,1,1,1,2,1,1,2,2,2,2,4,2,2,3,3,3,3,3,3,4,4,3,4,3,4,4,3,4,4,4,3,3,3,4,3,4,3,ვმუშაობ სრულ განაკვეთზე,კერძო სექტორი,საზოგადოებრივი ჯანდაცვა, დეზინფორმაცია და მისინფორმაცია, ეკონომიკური კრიზისები,,,,,,,,,,,,
11/20/23 16:29,უარი პასუხზე,29,თბილისის სახელმწიფო უნივერსიტეტი,სოციალური მეცნიერებები,ბაკალავრი,1,3,1,2,5,1,1,5,5,4,4,5,2,1,5,5,5,5,4,2,5,2,2,4,1,4,4,3,5,2,5,4,3,2,2,3,3,3,ვმუშაობ სრულ განაკვეთზე,არასამთავრობო ორგანიზაცია,არჩევნები და დემოკრატია, განათლების ხელმისაწვდომობა, ურბანიზაცია, საზოგადოებრივი ჯანდაცვა, პანდემიები და მათი პრევენცია, ხელოვნური ინტელექტი და ინფორმაციის/მონაცემების ეთიკური გამოყენება, დეზინფორმაცია და მისინფორმაცია,,,,,,,,
11/20/23 16:51,მდედრობითი,27,თბილისის სახელმწიფო უნივერსიტეტი,ჰუმანიტარული მეცნიერებები,მაგისტრი,1,1,1,1,4,1,1,1,1,1,1,4,1,1,5,5,5,5,5,5,5,5,5,5,5,5,5,5,5,5,5,3,3,2,2,3,2,3,ვმუშაობ სრულ განაკვეთზე,საერთაშორისო ორგანიზაცია,კლიმატის ცვლილება, ხელოვნური ინტელექტი და ინფორმაციის/მონაცემების ეთიკური გამოყენება, განათლების ხელმისაწვდომობა,,,,,,,,,,,,
11/20/23 19:42,მდედრობითი,28,თბილისის სახელმწიფო უნივერსიტეტი,საბუნებისმეტყველო მეცნიერებები,მაგისტრი,1,1,1,1,4,1,1,1,1,1,1,5,1,1,5,4,5,3,2,2,3,5,5,4,5,2,4,5,5,5,5,3,2,1,4,2,1,1,ვმუშაობ სრულ განაკვეთზე,კერძო სექტორი,ურბანიზაცია, პანდემიები და მათი პრევენცია, სასურსათო უსაფრთხოება და ნუტრიცია,,,,,,,,,,,,
11/21/23 11:14,მდედრობითი,29,თბილისის სახელმწიფო უნივერსიტეტი,სოციალური მეცნიერებები,მაგისტრი,1,1,1,1,5,1,1,1,1,1,1,4,1,1,3,5,5,4,4,3,4,5,2,5,4,4,4,5,5,4,4,2,3,1,2,2,4,4,ვმუშაობ სრულ განაკვეთზე,კერძო სექტორი,ურბანიზაცია, საზოგადოებრივი ჯანდაცვა, განათლების ხელმისაწვდომობა,,,,,,,,,,,,
11/21/23 16:01,მდედრობითი,35,თბილისის სახელმწიფო უნივერსიტეტი,სოციალური მეცნიერებები,დოქტორანტი,1,1,1,1,3,1,1,1,1,2,1,3,1,1,5,3,4,3,3,3,1,5,5,5,3,5,5,5,5,5,5,3,3,1,3,3,2,2,ვმუშაობ სრულ განაკვეთზე და ვსწავლობ,კერძო სექტორი,დეზინფორმაცია და მისინფორმაცია, ეკონომიკური კრიზისები, პანდემიები და მათი პრევენცია,,,,,,,,,,,,
11/30/23 17:52,მდედრობითი,27,შავი ზღვის საერთაშორისო უნივერსიტეტი,სოციალური მეცნიერებები,ვსწავლობ მაგისტრატურაზე,1,1,2,1,4,1,1,1,1,2,1,4,1,1,3,3,3,1,4,3,1,2,4,5,4,3,4,4,4,3,4,3,3,1,3,2,2,2,ვმუშაობ სრულ განაკვეთზე და ვსწავლობ,საჯარო სექტორი,(გენდერული) თანასწორობის საკითხები, დეზინფორმაცია და მისინფორმაცია,,,,,,,,,,,,,
12/1/23 16:18,მამრობითი,18,შავი ზღვის საერთაშორისო უნივერსიტეტი,კომპიუტერული მეცნიერებები,ბაკალავრი,1,2,1,1,2,1,1,2,2,2,2,2,2,2,2,2,1,1,1,1,5,5,4,2,5,5,5,5,2,2,2,2,1,3,2,1,1,1,აჰვსწავლობ,,განათლების ხელმისაწვდომობა, კონფლიქტები და მათი შედეგი საზოგადოებაზე, ხელოვნური ინტელექტი და ინფორმაციის/მონაცემების ეთიკური გამოყენება,,,,,,,,,,,,
12/3/23 19:32,მდედრობითი,23,შავი ზღვის საერთაშორისო უნივერსიტეტი,სამაგისტრო პროგრამა ციფრული მედია და კომუნიკაცია,მაგისტრი,1,1,1,1,3,1,1,1,1,2,2,4,1,3,5,3,5,3,2,4,5,3,5,4,3,4,5,4,4,2,4,4,3,5,4,4,3,4,ვმუშაობ ნახევარ განაკვეთზე და ვსწავლობ,კერძო სექტორი,მოსახლეობის მიგრაცია, ხელოვნური ინტელექტი და ინფორმაციის/მონაცემების ეთიკური გამოყენება, დეზინფორმაცია და მისინფორმაცია,,,,,,,,,,,,
12/17/23 16:06,მდედრობითი,29,შავი ზღვის საერთაშორისო უნივერსიტეტი,სოციალური მეცნიერებები,მაგისტრი,1,1,1,1,4,1,1,1,1,1,1,1,1,1,3,3,2,4,5,3,1,1,1,2,3,3,3,3,1,1,2,2,3,1,2,2,5,4,არც ვსწავლობ და არც ვმუშაობ,,(გენდერული) თანასწორობის საკითხები, არჩევნები და დემოკრატია, დეზინფორმაცია და მისინფორმაცია,,,,,,,,,,,,
12/20/23 13:52,მამრობითი,32,თბილისის სახელმწიფო უნივერსიტეტი,სოციალური მეცნიერებები,დოქტორანტი,5,2,3,1,4,3,5,5,5,1,3,4,5,5,5,5,5,5,5,5,5,5,5,5,5,5,5,5,5,5,5,5,5,5,5,5,5,5,ვმუშაობ სრულ განაკვეთზე და ვსწავლობ,თვითდასაქმებული,ეკონომიკური კრიზისები, ხელოვნური ინტელექტი და ინფორმაციის/მონაცემების ეთიკური გამოყენება, კლიმატის ცვლილება,,,,,,,,,,,,
12/23/23 10:31,მამრობითი,18,შავი ზღვის საერთაშორისო უნივერსიტეტი,საჯარო ადმინისტრაცია და სახელმწიფო მმართველობა,ბაკალავრი,2,3,2,2,5,3,2,3,3,2,2,5,2,2,5,5,5,4,5,5,5,3,3,3,3,3,3,3,3,2,2,3,3,3,3,3,3,2,აჰვსწავლობ,,კონფლიქტები და მათი შედეგი საზოგადოებაზე, მოსახლეობის მიგრაცია, განათლების ხელმისაწვდომობა,,,,,,,,,,,,
12/23/23 13:10,მდედრობითი,18,შავი ზღვის საერთაშორისო უნივერსიტეტი,საჯარო ადმინისტრირება და სახელმწიფო მმართველობა,ვსწავლობ ბაკალავრიატზე,1,1,1,1,3,1,1,3,3,3,3,4,3,3,4,5,5,2,2,2,3,5,5,1,5,4,5,5,5,4,5,3,3,2,4,3,2,2,ვმუშაობ ნახევარ განაკვეთზე და ვსწავლობ,არასამთავრობო ორგანიზაცია,ხელოვნური ინტელექტი და ინფორმაციის/მონაცემების ეთიკური გამოყენება, საზოგადოებრივი ჯანდაცვა, კონფლიქტები და მათი შედეგი საზოგადოებაზე,,,,,,,,,,,,
12/23/23 13:12,მდედრობითი,18,შავი ზღვის საერთაშორისო უნივერსიტეტი,საჯარო ადმინისტრირება და სახელმწიფო მართველობა,ვსწავლობ ბაკალავრიატზე,1,1,1,1,3,1,1,1,1,1,1,5,1,1,1,2,2,1,3,2,5,3,5,1,2,2,3,3,1,3,1,2,1,3,2,2,2,2,აჰვსწავლობ,,არჩევნები და დემოკრატია, განათლების ხელმისაწვდომობა, ეკონომიკური კრიზისები,,,,,,,,,,,,
12/23/23 13:13,მდედრობითი,18,შავი ზღვის საერთაშორისო უნივერსიტეტი,საჯარო ადმინისტრირება და სახელმწიფო მმართველობა,ვსწავლობ ბაკალავრიატზე,1,1,1,1,1,1,1,4,5,3,3,4,2,4,2,2,2,2,2,2,3,5,5,3,2,3,2,1,3,3,3,2,1,1,1,1,1,1,აჰვსწავლობ,,ურბანიზაცია, კონფლიქტები და მათი შედეგი საზოგადოებაზე, კლიმატის ცვლილება, განათლების ხელმისაწვდომობა,,,,,,,,,,,
12/23/23 13:14,მამრობითი,20,შავი ზღვის საერთაშორისო უნივერსიტეტი,საჯარო ადმინისტრირება,ვსწავლობ ბაკალავრიატზე,4,1,1,1,5,5,4,1,1,1,1,1,1,1,1,5,3,1,1,3,1,3,3,3,4,2,2,4,1,5,5,1,2,2,3,2,4,3,აჰვსწავლობ,,საზოგადოებრივი ჯანდაცვა, კლიმატის ცვლილება, განათლების ხელმისაწვდომობა, ეკონომიკური კრიზისები,,,,,,,,,,,
12/23/23 13:14,მდედრობითი,18,შავი ზღვის საერთაშორისო უნივერსიტეტი,საჯარო ადმინისტრირება და სახელმწიფო მმართველობა,ვსწავლობ ბაკალავრიატზე,2,2,1,2,4,2,2,3,3,3,3,4,3,3,2,2,3,2,3,3,3,4,3,1,4,3,3,3,4,2,4,2,3,2,4,3,3,3,აჰვსწავლობ,,ეკონომიკური კრიზისები, განათლების ხელმისაწვდომობა, პანდემიები და მათი პრევენცია,,,,,,,,,,,,
12/23/23 13:15,მდედრობითი,18,შავი ზღვის საერთაშორისო უნივერსიტეტი,საჯარო ადმინისტრირება და სახელმწიფო მმართველობა,ვსწავლობ ბაკალავრიატზე,1,1,1,1,3,1,1,3,5,3,3,5,3,3,5,5,5,5,5,3,5,5,3,3,5,4,5,4,5,5,5,3,3,1,1,3,4,3,ვმუშაობ სრულ განაკვეთზე და ვსწავლობ,კერძო სექტორი,მოსახლეობის მიგრაცია, განათლების ხელმისაწვდომობა,,,,,,,,,,,,,
12/23/23 13:16,მამრობითი,18,შავი ზღვის საერთაშორისო უნივერსიტეტი,საჯარო ადმინისტრირება და სახემწიფო მმართველობა,ვსწავლობ ბაკალავრიატზე,1,2,1,2,4,2,2,3,1,1,2,3,1,1,3,3,3,5,5,3,3,5,5,4,5,5,4,4,5,5,4,2,2,5,5,5,4,4,აჰვსწავლობ,,მოსახლეობის მიგრაცია, დეზინფორმაცია და მისინფორმაცია, არჩევნები და დემოკრატია, ეკონომიკური კრიზისები, ხელოვნური ინტელექტი და ინფორმაციის/მონაცემების ეთიკური გამოყენება,,,,,,,,,,
12/23/23 13:16,მამრობითი,18,შავი ზღვის საერთაშორისო უნივერსიტეტი,საჯარო ადმინისტრაცია და სახელმწიფო მმართველობა,ვსწავლობ ბაკალავრიატზე,1,1,1,1,5,1,2,4,4,3,3,5,4,5,5,5,4,4,5,3,3,5,5,4,5,5,5,5,5,4,3,4,4,3,5,5,5,4,აჰვსწავლობ,,მოსახლეობის მიგრაცია, დეზინფორმაცია და მისინფორმაცია, არჩევნები და დემოკრატია,,,,,,,,,,,,
12/23/23 13:17,მდედრობითი,18,შავი ზღვის საერთაშორისო უნივერსიტეტი,საჯარო ადმინისტრირება და სახელმწიფო მმართველობა,ვსწავლობ ბაკალავრიატზე,1,1,1,1,1,1,1,2,2,2,3,5,2,2,4,3,3,2,5,4,4,5,3,4,5,3,4,4,5,4,4,1,2,1,1,1,1,2,აჰვსწავლობ,,დეზინფორმაცია და მისინფორმაცია, მოსახლეობის მიგრაცია, ხელოვნური ინტელექტი და ინფორმაციის/მონაცემების ეთიკური გამოყენება,,,,,,,,,,,,
12/26/23 11:10,მდედრობითი,27,თბილისის სახელმწიფო უნივერსიტეტი,ეკონომიკისა და ბიზნესის ფაკულტეტი,მაგისტრი,1,1,1,1,3,1,1,1,1,1,1,5,1,1,3,3,4,1,3,1,3,5,4,3,4,3,4,4,4,3,4,3,3,1,1,1,1,1,ვმუშაობ სრულ განაკვეთზე,კერძო სექტორი,დეზინფორმაცია და მისინფორმაცია, ეკონომიკური კრიზისები, კონფლიქტები და მათი შედეგი საზოგადოებაზე,,,,,,,,,,,,
12/26/23 11:15,მდედრობითი,25,თბილისის სახელმწიფო უნივერსიტეტი,კომპიუტერული მეცნიერებები,ბაკალავრი,5,3,2,2,3,2,2,1,2,1,1,2,1,1,2,3,4,2,3,2,4,5,5,4,4,4,4,4,4,4,4,1,5,5,4,4,2,2,არც ვსწავლობ და არც ვმუშაობ,,კლიმატის ცვლილება, ურბანიზაცია, განათლების ხელმისაწვდომობა,,,,,,,,,,,,
12/26/23 12:26,მამრობითი,33,თბილისის სახელმწიფო უნივერსიტეტი,კომპიუტერული მეცნიერებები,ვსწავლობ მაგისტრატურაზე,2,3,2,2,5,2,2,1,4,1,1,5,1,1,4,5,5,4,4,5,5,5,4,4,5,5,4,5,5,5,4,4,5,4,5,5,4,4,ვმუშაობ სრულ განაკვეთზე,კერძო სექტორი,ხელოვნური ინტელექტი და ინფორმაციის/მონაცემების ეთიკური გამოყენება, დეზინფორმაცია და მისინფორმაცია, არჩევნები და დემოკრატია,,,,,,,,,,,,
12/26/23 12:43,მდედრობითი,27,თბილისის სახელმწიფო უნივერსიტეტი,ეკონომიკისა და ბიზნესის ადმინისტრირების,ბაკალავრი,1,1,1,1,5,1,1,1,1,1,1,5,1,1,3,3,2,1,3,1,3,3,2,2,3,1,2,2,3,2,3,3,3,1,2,2,2,2,ვმუშაობ სრულ განაკვეთზე,კერძო სექტორი,ხელოვნური ინტელექტი და ინფორმაციის/მონაცემების ეთიკური გამოყენება, განათლების ხელმისაწვდომობა, ეკონომიკური კრიზისები,,,,,,,,,,,,
12/27/23 11:45,მდედრობითი,29,თბილისის სახელმწიფო უნივერსიტეტი,სოციალური მეცნიერებები,მაგისტრი,1,1,1,1,3,1,1,1,2,2,1,3,1,1,5,4,5,3,3,3,4,5,4,5,4,5,4,4,4,5,5,3,3,1,4,4,3,2,ვმუშაობ სრულ განაკვეთზე,არასამთავრობო ორგანიზაცია,კლიმატის ცვლილება, არჩევნები და დემოკრატია, განათლების ხელმისაწვდომობა, ურბანიზაცია, მოსახლეობის მიგრაცია, კონფლიქტები და მათი შედეგი საზოგადოებაზე, პანდემიები და მათი პრევენცია, ხელოვნური ინტელექტი და ინფორმაციის/მონაცემების ეთიკური გამოყენება, დეზინფორმაცია და მისინფორმაცია, საზოგადოებრივი ჯანდაცვა,,,,,
1/14/24 20:37,მდედრობითი,29,თბილისის სახელმწიფო უნივერსიტეტი,საბუნებისმეტყველო მეცნიერებები,მაგისტრი,5,1,3,1,5,3,1,5,5,2,1,3,4,1,5,5,5,4,4,4,5,5,4,3,2,5,3,3,5,5,4,5,5,5,5,5,4,3,ვმუშაობ სრულ განაკვეთზე,არასამთავრობო ორგანიზაცია,არჩევნები და დემოკრატია, განათლების ხელმისაწვდომობა, პანდემიები და მათი პრევენცია,,,,,,,,,,,,
1/19/24 17:15,მდედრობითი,31,თბილისის სახელმწიფო უნივერსიტეტი,სოციალური მეცნიერებები,მაგისტრი,3,1,4,4,2,1,4,5,1,5,5,2,1,5,5,5,5,5,4,4,5,5,3,3,3,4,3,2,2,4,4,5,5,2,2,4,3,2,ვმუშაობ სრულ განაკვეთზე,საერთაშორისო ორგანიზაცია,მოსახლეობის მიგრაცია, ეკონომიკური კრიზისები, არჩევნები და დემოკრატია,,,,,,,,,,,,
1/19/24 17:49,მდედრობითი,25,თბილისის სახელმწიფო უნივერსიტეტი,სოციალური მეცნიერებები,მაგისტრი,2,2,3,1,4,1,1,5,5,5,4,5,2,2,5,5,5,4,3,3,5,3,5,5,4,5,4,3,5,5,5,4,3,2,2,3,3,3,ვმუშაობ სრულ განაკვეთზე,საჯარო სექტორი,განათლების ხელმისაწვდომობა, მოსახლეობის მიგრაცია, ეკონომიკური კრიზისები,,,,,,,,,,,,
1/19/24 20:44,მამრობითი,23,თბილისის სახელმწიფო უნივერსიტეტი,სოციალური მეცნიერებები,ბაკალავრი,1,1,1,1,2,2,1,1,1,1,1,3,5,1,4,4,5,2,5,5,4,5,1,1,3,3,3,1,5,5,5,2,1,1,2,1,4,2,ვმუშაობ სრულ განაკვეთზე,კერძო სექტორი,ურბანიზაცია,,,,,,,,,,,,,,
1/19/24 20:50,მდედრობითი,23,თბილისის სახელმწიფო უნივერსიტეტი,სახვითი ხელოვნება,ვსწავლობ მაგისტრატურაზე,2,2,2,2,2,4,1,1,1,1,1,3,4,4,3,5,5,3,5,3,5,5,5,5,5,5,5,5,5,5,5,4,4,4,5,5,5,5,აჰვსწავლობ,,ურბანიზაცია, საზოგადოებრივი ჯანდაცვა, ეკონომიკური კრიზისები,,,,,,,,,,,,
1/19/24 21:02,მდედრობითი,27,თბილისის სახელმწიფო უნივერსიტეტი,სოციალური მეცნიერებები,მაგისტრი,1,1,3,1,4,3,1,1,1,1,1,4,1,1,5,5,5,5,4,4,5,3,2,3,3,3,3,2,3,3,3,2,2,1,3,1,1,2,ვმუშაობ სრულ განაკვეთზე,საერთაშორისო ორგანიზაცია,კონფლიქტები და მათი შედეგი საზოგადოებაზე, დეზინფორმაცია და მისინფორმაცია, არჩევნები და დემოკრატია, ურბანიზაცია, კლიმატის ცვლილება, (გენდერული) თანასწორობის საკითხები, საზოგადოებრივი ჯანდაცვა, განათლების ხელმისაწვდომობა,,,,,,,
1/19/24 21:30,მდედრობითი,22,თბილისის სახელმწიფო უნივერსიტეტი,სოციალური მეცნიერებები,ბაკალავრი,1,1,3,1,4,4,1,1,1,4,3,5,1,1,5,5,5,5,5,5,5,5,3,5,5,4,5,5,5,5,5,5,3,1,2,3,5,5,ვმუშაობ სრულ განაკვეთზე,საჯარო სექტორი,მოსახლეობის მიგრაცია, ხელოვნური ინტელექტი და ინფორმაციის/მონაცემების ეთიკური გამოყენება, კლიმატის ცვლილება,,,,,,,,,,,,
1/19/24 22:24,მამრობითი,21,თბილისის სახელმწიფო უნივერსიტეტი,სოციალური მეცნიერებები,ბაკალავრი,1,1,2,1,2,2,1,1,1,1,1,2,1,1,1,5,5,3,3,5,5,5,2,5,3,3,2,5,5,5,3,1,5,5,5,3,5,5,ვმუშაობ ნახევარ განაკვეთზე და ვსწავლობ,კერძო სექტორი,პანდემიები და მათი პრევენცია, ურბანიზაცია, ეკონომიკური კრიზისები,,,,,,,,,,,,
1/19/24 22:44,მამრობითი,27,თბილისის სახელმწიფო უნივერსიტეტი,სოციალური მეცნიერებები,დოქტორანტი,1,1,2,1,4,3,1,1,1,3,3,4,5,2,3,5,5,4,5,2,4,4,4,4,4,3,4,3,5,5,5,3,5,3,5,5,4,2,ვმუშაობ სრულ განაკვეთზე და ვსწავლობ,კერძო სექტორი,დეზინფორმაცია და მისინფორმაცია, არჩევნები და დემოკრატია, მოსახლეობის მიგრაცია, ურბანიზაცია, განათლების ხელმისაწვდომობა, ბიომრავალფეროვნება, ეკონომიკური კრიზისები, ხელოვნური ინტელექტი და ინფორმაციის/მონაცემების ეთიკური გამოყენება,,,,,,,
1/19/24 22:56,მდედრობითი,31,თბილისის სახელმწიფო უნივერსიტეტი,სოციალური მეცნიერებები,დოქტორი,1,1,1,1,2,2,4,3,1,1,1,2,4,4,5,5,5,5,5,4,4,5,5,5,5,5,5,5,5,5,5,4,2,2,2,2,3,2,ვმუშაობ სრულ განაკვეთზე,თვითდასაქმებული,კლიმატის ცვლილება, დეზინფორმაცია და მისინფორმაცია, ბიომრავალფეროვნება,,,,,,,,,,,,
1/19/24 23:00,მამრობითი,23,თბილისის სახელმწიფო უნივერსიტეტი,სოციალური მეცნიერებები,ვსწავლობ ბაკალავრიატზე,1,1,1,1,2,1,1,4,4,5,4,5,3,3,5,5,5,3,3,3,5,5,3,3,5,5,3,4,5,3,5,2,2,2,1,1,3,2,ვმუშაობ ნახევარ განაკვეთზე და ვსწავლობ,კერძო სექტორი,ეკონომიკური კრიზისები, არჩევნები და დემოკრატია, ხელოვნური ინტელექტი და ინფორმაციის/მონაცემების ეთიკური გამოყენება,,,,,,,,,,,,
1/19/24 23:05,მამრობითი,25,თბილისის სახელმწიფო უნივერსიტეტი,სოციალური მეცნიერებები,ვსწავლობ მაგისტრატურაზე,1,1,1,1,3,3,1,4,2,3,3,5,4,2,5,4,4,3,5,5,4,5,5,5,5,5,5,5,5,5,5,5,5,5,5,5,5,5,აჰვსწავლობ,,ეკონომიკური კრიზისები, მოსახლეობის მიგრაცია, საზოგადოებრივი ჯანდაცვა,,,,,,,,,,,,
1/20/24 00:21,მამრობითი,28,თბილისის სახელმწიფო უნივერსიტეტი,სოციალური მეცნიერებები,მაგისტრი,1,1,2,1,3,3,1,1,1,3,1,4,3,1,5,5,2,3,3,4,1,5,3,3,4,5,3,2,4,5,3,4,3,1,1,1,4,3,ვმუშაობ სრულ განაკვეთზე,კერძო სექტორი,ხელოვნური ინტელექტი და ინფორმაციის/მონაცემების ეთიკური გამოყენება, განათლების ხელმისაწვდომობა, დეზინფორმაცია და მისინფორმაცია,,,,,,,,,,,,
1/20/24 00:37,მდედრობითი,30,თბილისის სახელმწიფო უნივერსიტეტი,სოციალური მეცნიერებები,მაგისტრი,2,2,1,1,4,3,4,5,4,4,4,5,5,5,3,5,5,5,5,4,3,4,4,4,4,5,3,4,5,5,5,5,2,2,4,4,5,5,ვმუშაობ სრულ განაკვეთზე და ვსწავლობ,კერძო სექტორი,სასურსათო უსაფრთხოება და ნუტრიცია, (გენდერული) თანასწორობის საკითხები, განათლების ხელმისაწვდომობა,,,,,,,,,,,,
1/20/24 01:59,უარი პასუხზე,25,თბილისის სახელმწიფო უნივერსიტეტი,სოციალური მეცნიერებები,ვსწავლობ მაგისტრატურაზე,1,1,2,1,4,1,1,1,1,1,1,5,1,1,5,5,5,5,5,5,3,4,4,4,3,4,4,4,4,5,4,3,2,1,1,1,4,4,ვმუშაობ სრულ განაკვეთზე,კერძო სექტორი,ეკონომიკური კრიზისები, (გენდერული) თანასწორობის საკითხები, განათლების ხელმისაწვდომობა, ურბანიზაცია,,,,,,,,,,,
1/20/24 04:03,მამრობითი,21,შავი ზღვის საერთაშორისო უნივერსიტეტი,კომპიუტერული მეცნიერებები,ვსწავლობ ბაკალავრიატზე,3,3,3,3,5,1,1,5,5,5,5,5,1,1,5,5,5,5,5,5,5,4,5,5,5,4,1,1,5,1,4,4,4,4,4,4,4,2,აჰვსწავლობ,,(გენდერული) თანასწორობის საკითხები, ხელოვნური ინტელექტი და ინფორმაციის/მონაცემების ეთიკური გამოყენება, მოსახლეობის მიგრაცია,,,,,,,,,,,,
1/20/24 10:40,მდედრობითი,29,თბილისის სახელმწიფო უნივერსიტეტი,სოციალური მეცნიერებები,მაგისტრი,1,1,2,1,3,1,1,1,1,1,1,1,1,1,5,5,5,5,5,5,5,5,4,3,5,5,3,4,5,2,5,3,3,2,2,2,2,2,არც ვსწავლობ და არც ვმუშაობ,,დეზინფორმაცია და მისინფორმაცია, ხელოვნური ინტელექტი და ინფორმაციის/მონაცემების ეთიკური გამოყენება, (გენდერული) თანასწორობის საკითხები,,,,,,,,,,,,
1/20/24 10:44,მამრობითი,18,შავი ზღვის საერთაშორისო უნივერსიტეტი,სოციალური მეცნიერებები,ვსწავლობ ბაკალავრიატზე,2,1,1,2,3,1,1,3,3,3,3,3,2,3,4,4,5,3,4,3,4,3,2,1,2,3,2,2,2,3,2,2,2,1,2,1,1,2,აჰვსწავლობ,,მოსახლეობის მიგრაცია, არჩევნები და დემოკრატია, ეკონომიკური კრიზისები,,,,,,,,,,,,
1/20/24 10:44,მდედრობითი,18,შავი ზღვის საერთაშორისო უნივერსიტეტი,საჯარო ადმიმისტრირება და სახელმწიფო მმართველობა,ვსწავლობ ბაკალავრიატზე,3,2,3,2,4,2,2,4,3,4,4,3,4,4,5,5,5,5,5,5,5,5,5,5,5,5,5,5,5,5,5,4,3,3,4,3,4,5,აჰვსწავლობ,,ეკონომიკური კრიზისები, (გენდერული) თანასწორობის საკითხები, საზოგადოებრივი ჯანდაცვა,,,,,,,,,,,,
1/20/24 10:45,მდედრობითი,18,შავი ზღვის საერთაშორისო უნივერსიტეტი,საჯარო ადმინისტრირება და სახელმწიფო მმართველობა,ვსწავლობ ბაკალავრიატზე,1,1,1,1,3,1,1,2,2,1,2,2,2,1,4,4,5,3,5,5,4,4,3,3,4,5,5,5,5,3,3,3,3,2,4,2,3,3,აჰვსწავლობ,,განათლების ხელმისაწვდომობა, (გენდერული) თანასწორობის საკითხები, ხელოვნური ინტელექტი და ინფორმაციის/მონაცემების ეთიკური გამოყენება,,,,,,,,,,,,
1/20/24 12:56,მდედრობითი,23,თბილისის სახელმწიფო უნივერსიტეტი,სოციალური მეცნიერებები,ბაკალავრი,1,1,2,1,2,1,1,3,3,3,3,3,3,3,4,5,5,3,3,3,5,5,3,5,5,5,5,4,5,5,5,1,1,1,2,1,5,4,ვმუშაობ სრულ განაკვეთზე,კერძო სექტორი,ეკონომიკური კრიზისები, საზოგადოებრივი ჯანდაცვა, მოსახლეობის მიგრაცია, განათლების ხელმისაწვდომობა, ურბანიზაცია, კლიმატის ცვლილება,,,,,,,,,
1/20/24 13:35,მდედრობითი,22,თბილისის სახელმწიფო უნივერსიტეტი,სოციალური მეცნიერებები,ვსწავლობ ბაკალავრიატზე,1,1,2,1,2,1,1,3,3,4,3,5,2,2,4,5,5,3,3,3,5,5,4,3,5,5,3,5,4,4,5,2,1,1,1,1,1,1,აჰვსწავლობ,,კლიმატის ცვლილება, ხელოვნური ინტელექტი და ინფორმაციის/მონაცემების ეთიკური გამოყენება, (გენდერული) თანასწორობის საკითხები,,,,,,,,,,,,
1/20/24 13:55,მდედრობითი,28,თბილისის სახელმწიფო უნივერსიტეტი,სოციალური მეცნიერებები,მაგისტრი,3,1,2,1,4,3,1,1,1,3,1,5,3,1,2,5,5,5,5,2,5,5,5,5,5,5,5,5,5,5,5,4,3,1,2,2,4,3,ვმუშაობ სრულ განაკვეთზე,კერძო სექტორი,ხელოვნური ინტელექტი და ინფორმაციის/მონაცემების ეთიკური გამოყენება, კლიმატის ცვლილება, მოსახლეობის მიგრაცია, ეკონომიკური კრიზისები, ურბანიზაცია,,,,,,,,,,
1/20/24 14:01,მდედრობითი,20,შავი ზღვის საერთაშორისო უნივერსიტეტი,სოციალური მეცნიერებები,ვსწავლობ ბაკალავრიატზე,3,3,4,4,3,4,4,2,3,3,4,4,3,3,5,5,5,5,5,5,5,4,3,3,4,3,4,4,4,3,3,3,4,4,4,5,5,5,ვმუშაობ ნახევარ განაკვეთზე და ვსწავლობ,კერძო სექტორი,პანდემიები და მათი პრევენცია, სასურსათო უსაფრთხოება და ნუტრიცია, განათლების ხელმისაწვდომობა,,,,,,,,,,,,
1/20/24 14:01,მამრობითი,18,შავი ზღვის საერთაშორისო უნივერსიტეტი,სოციალური მეცნიერებები,ვსწავლობ ბაკალავრიატზე,1,1,1,2,3,1,1,1,1,1,1,3,1,1,4,5,4,3,3,4,3,5,4,4,4,3,4,3,3,3,3,2,2,3,2,3,2,3,ვმუშაობ სრულ განაკვეთზე და ვსწავლობ,კერძო სექტორი,განათლების ხელმისაწვდომობა, საზოგადოებრივი ჯანდაცვა, კონფლიქტები და მათი შედეგი საზოგადოებაზე,,,,,,,,,,,,
1/20/24 14:01,მდედრობითი,18,შავი ზღვის საერთაშორისო უნივერსიტეტი,.,ვსწავლობ ბაკალავრიატზე,1,1,1,1,1,1,1,1,1,1,1,1,1,1,2,2,2,2,2,2,2,1,2,3,2,2,3,2,1,3,2,2,2,1,1,1,3,1,აჰვსწავლობ,,მოსახლეობის მიგრაცია, პანდემიები და მათი პრევენცია, (გენდერული) თანასწორობის საკითხები,,,,,,,,,,,,
1/20/24 14:02,მამრობითი,18,შავი ზღვის საერთაშორისო უნივერსიტეტი,საჯარო მმართველობა,ვსწავლობ ბაკალავრიატზე,1,1,1,1,1,1,1,1,1,1,1,1,1,1,1,2,1,2,2,1,1,1,1,1,1,1,1,1,1,1,1,1,1,1,1,1,1,1,აჰვსწავლობ,,კლიმატის ცვლილება, ხელოვნური ინტელექტი და ინფორმაციის/მონაცემების ეთიკური გამოყენება, საზოგადოებრივი ჯანდაცვა, არჩევნები და დემოკრატია, განათლების ხელმისაწვდომობა, (გენდერული) თანასწორობის საკითხები,,,,,,,,,
1/20/24 14:03,მდედრობითი,18,შავი ზღვის საერთაშორისო უნივერსიტეტი,საჯარო ადმინისტრირება,ვსწავლობ ბაკალავრიატზე,1,1,1,1,1,1,1,1,1,1,1,1,1,1,3,4,5,3,3,3,5,5,5,5,5,5,5,5,5,5,5,2,1,1,1,1,1,1,ვმუშაობ სრულ განაკვეთზე და ვსწავლობ,საჯარო სექტორი,მოსახლეობის მიგრაცია, ეკონომიკური კრიზისები, განათლების ხელმისაწვდომობა,,,,,,,,,,,,
1/20/24 14:04,მდედრობითი,18,შავი ზღვის საერთაშორისო უნივერსიტეტი,საჯარო ადმინისტრირება და სახელმწიფო მმართველობა,ვსწავლობ ბაკალავრიატზე,1,1,1,1,1,1,1,1,1,1,1,1,1,1,5,5,4,4,5,5,5,5,5,5,5,4,5,5,5,4,5,4,3,4,4,4,4,5,აჰვსწავლობ,,(გენდერული) თანასწორობის საკითხები, ურბანიზაცია, კლიმატის ცვლილება,,,,,,,,,,,,
1/20/24 14:05,მამრობითი,18,შავი ზღვის საერთაშორისო უნივერსიტეტი,საჯარო ადმინისტრირება და სახელმწიფო მმართველობა,ვსწავლობ ბაკალავრიატზე,1,1,1,1,2,1,1,1,1,1,1,4,1,1,5,3,3,3,4,4,2,5,3,3,4,3,2,4,2,5,3,2,1,1,1,2,3,2,ვმუშაობ ნახევარ განაკვეთზე და ვსწავლობ,კერძო სექტორი,განათლების ხელმისაწვდომობა,,,,,,,,,,,,,,
1/20/24 14:07,მამრობითი,27,შავი ზღვის საერთაშორისო უნივერსიტეტი,საჯარო ადმინისტრირება,ბაკალავრი,3,3,3,2,3,3,3,1,3,1,2,4,2,1,4,5,5,3,3,3,5,4,5,4,4,4,5,3,4,5,4,3,3,3,3,3,3,4,ვმუშაობ სრულ განაკვეთზე და ვსწავლობ,კერძო სექტორი,პანდემიები და მათი პრევენცია, საზოგადოებრივი ჯანდაცვა, განათლების ხელმისაწვდომობა,,,,,,,,,,,,
1/20/24 14:50,მდედრობითი,18,თბილისის სახელმწიფო უნივერსიტეტი,ფსიქოლოგია,ვსწავლობ ბაკალავრიატზე,1,1,1,1,3,1,1,2,2,5,1,4,2,2,5,5,5,4,5,5,5,5,5,1,4,5,2,3,4,5,5,4,1,1,1,1,1,1,აჰვსწავლობ,,ეკონომიკური კრიზისები, კონფლიქტები და მათი შედეგი საზოგადოებაზე, პანდემიები და მათი პრევენცია,,,,,,,,,,,,
1/20/24 18:08,მდედრობითი,24,თბილისის სახელმწიფო უნივერსიტეტი,სოციალური მეცნიერებები,ვსწავლობ მაგისტრატურაზე,1,1,1,1,3,3,1,3,3,4,4,5,5,3,5,5,5,5,5,4,5,4,5,3,5,4,4,5,5,5,4,3,1,1,2,1,3,3,ვმუშაობ სრულ განაკვეთზე და ვსწავლობ,კერძო სექტორი,მოსახლეობის მიგრაცია, ხელოვნური ინტელექტი და ინფორმაციის/მონაცემების ეთიკური გამოყენება, კლიმატის ცვლილება,,,,,,,,,,,,
1/21/24 01:22,მდედრობითი,22,თბილისის სახელმწიფო უნივერსიტეტი,სოციალური მეცნიერებები,ვსწავლობ მაგისტრატურაზე,1,1,1,1,5,1,1,1,1,2,1,5,1,1,5,5,5,5,5,5,5,3,3,4,5,2,5,3,3,4,3,4,3,5,4,3,3,3,აჰვსწავლობ,,ხელოვნური ინტელექტი და ინფორმაციის/მონაცემების ეთიკური გამოყენება, არჩევნები და დემოკრატია, კონფლიქტები და მათი შედეგი საზოგადოებაზე,,,,,,,,,,,,
1/21/24 01:32,მდედრობითი,21,თბილისის სახელმწიფო უნივერსიტეტი,სოციალური მეცნიერებები,ვსწავლობ ბაკალავრიატზე,1,1,2,1,1,1,1,1,1,3,1,2,1,1,4,5,3,4,3,2,4,5,1,5,2,5,2,2,4,5,3,3,1,1,3,2,3,3,აჰვსწავლობ,,(გენდერული) თანასწორობის საკითხები, არჩევნები და დემოკრატია, საზოგადოებრივი ჯანდაცვა,,,,,,,,,,,,
1/21/24 11:20,მამრობითი,20,თბილისის სახელმწიფო უნივერსიტეტი,სოციალური მეცნიერებები,ვსწავლობ ბაკალავრიატზე,1,2,2,1,4,1,1,1,1,1,1,3,1,1,4,4,3,3,4,4,3,5,4,4,5,4,4,4,5,5,5,3,3,1,3,2,2,3,ვმუშაობ ნახევარ განაკვეთზე და ვსწავლობ,კერძო სექტორი,განათლების ხელმისაწვდომობა, ხელოვნური ინტელექტი და ინფორმაციის/მონაცემების ეთიკური გამოყენება, დეზინფორმაცია და მისინფორმაცია,,,,,,,,,,,,
1/21/24 22:07,მდედრობითი,35,თბილისის სახელმწიფო უნივერსიტეტი,სოციალური მეცნიერებები,ვსწავლობ მაგისტრატურაზე,1,1,1,1,3,1,1,1,1,1,1,2,1,1,2,3,3,2,2,2,3,5,4,4,5,3,3,4,4,5,1,3,3,3,4,4,2,2,ვმუშაობ სრულ განაკვეთზე,საჯარო სექტორი,სასურსათო უსაფრთხოება და ნუტრიცია, ურბანიზაცია, კონფლიქტები და მათი შედეგი საზოგადოებაზე,,,,,,,,,,,,
1/21/24 23:49,მდედრობითი,23,შავი ზღვის საერთაშორისო უნივერსიტეტი,სოციალური მეცნიერებები,ბაკალავრი,1,1,1,1,5,1,1,4,4,4,4,4,4,4,5,5,1,1,1,5,5,5,4,4,4,4,3,5,4,4,3,3,3,4,4,4,4,4,აჰვსწავლობ,,ურბანიზაცია, არჩევნები და დემოკრატია, პანდემიები და მათი პრევენცია,,,,,,,,,,,,
1/21/24 23:51,უარი პასუხზე,24,შავი ზღვის საერთაშორისო უნივერსიტეტი,სოციალური მეცნიერებები,მაგისტრი,1,1,2,5,5,1,1,1,1,1,1,4,4,4,3,3,4,3,3,3,2,2,2,3,3,3,2,2,2,2,3,2,2,3,3,3,3,3,არც ვსწავლობ და არც ვმუშაობ,,(გენდერული) თანასწორობის საკითხები, სასურსათო უსაფრთხოება და ნუტრიცია, ურბანიზაცია,,,,,,,,,,,,
1/21/24 23:52,მდედრობითი,33,თბილისის სახელმწიფო უნივერსიტეტი,სოციალური მეცნიერებები,დოქტორანტი,1,1,5,5,5,1,3,2,2,2,5,5,5,4,3,3,3,3,3,3,3,3,3,3,3,3,3,3,3,3,3,4,4,4,4,4,4,4,ვმუშაობ სრულ განაკვეთზე და ვსწავლობ,თვითდასაქმებული,ეკონომიკური კრიზისები,,,,,,,,,,,,,,
1/21/24 23:55,მამრობითი,22,შავი ზღვის საერთაშორისო უნივერსიტეტი,სოციალური მეცნიერებები,მაგისტრი,1,1,4,4,3,3,3,3,3,3,3,3,3,3,3,3,3,3,3,3,3,2,2,2,2,5,2,2,2,2,2,4,4,4,4,4,4,4,ვმუშაობ სრულ განაკვეთზე და ვსწავლობ,საერთაშორისო ორგანიზაცია,საზოგადოებრივი ჯანდაცვა, პანდემიები და მათი პრევენცია, მოსახლეობის მიგრაცია,,,,,,,,,,,,
1/21/24 23:56,მდედრობითი,29,თბილისის სახელმწიფო უნივერსიტეტი,სოციალური მეცნიერებები,დოქტორანტი,1,1,2,1,4,1,1,1,1,3,1,2,1,1,4,4,4,4,4,4,4,1,2,3,1,1,3,4,1,3,4,4,3,4,3,2,5,5,ვმუშაობ სრულ განაკვეთზე და ვსწავლობ,თვითდასაქმებული,ეკონომიკური კრიზისები, პანდემიები და მათი პრევენცია, დეზინფორმაცია და მისინფორმაცია, კლიმატის ცვლილება, ურბანიზაცია,,,,,,,,,,
1/21/24 23:58,მამრობითი,22,თბილისის სახელმწიფო უნივერსიტეტი,სოციალური მეცნიერებები,ვსწავლობ ბაკალავრიატზე,1,3,3,4,4,1,1,1,1,2,1,1,1,1,3,2,2,4,4,1,5,3,3,4,3,4,4,4,3,3,4,4,3,3,4,3,3,4,ვმუშაობ სრულ განაკვეთზე,თვითდასაქმებული,დეზინფორმაცია და მისინფორმაცია, (გენდერული) თანასწორობის საკითხები, ურბანიზაცია, კონფლიქტები და მათი შედეგი საზოგადოებაზე,,,,,,,,,,,
1/22/24 00:00,მდედრობითი,26,შავი ზღვის საერთაშორისო უნივერსიტეტი,სოციალური მეცნიერებები,ბაკალავრი,1,1,5,4,4,1,1,1,1,3,3,3,1,1,2,1,1,3,2,2,2,4,1,4,2,3,3,3,3,2,3,3,3,2,2,3,2,2,ვმუშაობ სრულ განაკვეთზე და ვსწავლობ,კერძო სექტორი,ხელოვნური ინტელექტი და ინფორმაციის/მონაცემების ეთიკური გამოყენება, დეზინფორმაცია და მისინფორმაცია, ბიომრავალფეროვნება,,,,,,,,,,,,
1/22/24 00:01,მამრობითი,32,შავი ზღვის საერთაშორისო უნივერსიტეტი,სოციალური მეცნიერებები,მაგისტრი,1,1,1,1,5,1,1,1,1,4,4,4,4,3,3,4,3,2,3,1,5,4,4,4,4,4,4,4,4,3,3,3,4,3,3,3,3,3,ვმუშაობ სრულ განაკვეთზე და ვსწავლობ,არასამთავრობო ორგანიზაცია,კლიმატის ცვლილება, კონფლიქტები და მათი შედეგი საზოგადოებაზე, პანდემიები და მათი პრევენცია,,,,,,,,,,,,
1/22/24 11:32,მდედრობითი,40,თბილისის სახელმწიფო უნივერსიტეტი,"კომპიუტერული მეცნიერებები, სოციალური მეცნიერებები",მაგისტრი,3,3,5,1,5,1,1,4,3,5,5,5,5,5,2,5,5,5,3,5,5,5,1,3,3,3,1,3,5,5,3,5,5,5,5,5,5,5,ვმუშაობ სრულ განაკვეთზე,საერთაშორისო ორგანიზაცია,განათლების ხელმისაწვდომობა, დეზინფორმაცია და მისინფორმაცია,,,,,,,,,,,,,
1/22/24 17:42,მდედრობითი,28,თბილისის სახელმწიფო უნივერსიტეტი,სოციალური მეცნიერებები,დოქტორანტი,1,1,2,1,3,1,1,3,2,3,3,4,2,2,5,5,5,5,5,5,5,5,5,5,5,5,5,5,5,5,5,2,1,1,2,1,3,2,ვმუშაობ სრულ განაკვეთზე და ვსწავლობ,არასამთავრობო ორგანიზაცია,მოსახლეობის მიგრაცია, საზოგადოებრივი ჯანდაცვა, კლიმატის ცვლილება,,,,,,,,,,,,
1/24/24 22:32,მდედრობითი,22,თბილისის სახელმწიფო უნივერსიტეტი,სოციალური მეცნიერებები,ვსწავლობ ბაკალავრიატზე,1,1,1,1,2,1,1,1,1,3,1,3,2,1,3,3,3,2,2,1,2,3,3,3,3,2,3,3,3,3,3,2,3,1,2,2,2,2,ვმუშაობ ნახევარ განაკვეთზე და ვსწავლობ,საჯარო სექტორი,ხელოვნური ინტელექტი და ინფორმაციის/მონაცემების ეთიკური გამოყენება, (გენდერული) თანასწორობის საკითხები, მოსახლეობის მიგრაცია,,,,,,,,,,,,
1/24/24 22:42,მდედრობითი,24,თბილისის სახელმწიფო უნივერსიტეტი,სოციალური მეცნიერებები,მაგისტრი,2,1,4,4,4,5,1,3,3,4,4,5,5,3,5,5,5,5,5,5,5,5,3,1,5,5,3,5,5,5,4,5,4,2,5,5,5,3,ვმუშაობ სრულ განაკვეთზე,არასამთავრობო ორგანიზაცია,არჩევნები და დემოკრატია, დეზინფორმაცია და მისინფორმაცია, კონფლიქტები და მათი შედეგი საზოგადოებაზე,,,,,,,,,,,,
1/25/24 19:38,მდედრობითი,31,თბილისის სახელმწიფო უნივერსიტეტი,სოციალური მეცნიერებები,მაგისტრი,1,1,2,1,2,1,4,1,1,5,1,5,1,5,5,5,5,4,5,4,3,5,3,3,3,5,3,3,4,5,4,4,1,1,2,3,4,3,ვმუშაობ სრულ განაკვეთზე,კერძო სექტორი,დეზინფორმაცია და მისინფორმაცია, კლიმატის ცვლილება, ხელოვნური ინტელექტი და ინფორმაციის/მონაცემების ეთიკური გამოყენება,,,,,,,,,,,,
1/27/24 02:10,მდედრობითი,22,თბილისის სახელმწიფო უნივერსიტეტი,სოციალური მეცნიერებები,ვსწავლობ მაგისტრატურაზე,1,1,1,1,1,1,1,1,1,3,3,5,1,1,4,4,4,4,4,4,4,4,5,4,5,5,5,5,3,5,5,4,4,4,4,4,3,4,ვმუშაობ სრულ განაკვეთზე და ვსწავლობ,საერთაშორისო ორგანიზაცია,ხელოვნური ინტელექტი და ინფორმაციის/მონაცემების ეთიკური გამოყენება, საზოგადოებრივი ჯანდაცვა, განათლების ხელმისაწვდომობა,,,,,,,,,,,,
1/27/24 03:53,მდედრობითი,29,თბილისის სახელმწიფო უნივერსიტეტი,სოციალური მეცნიერებები,დოქტორანტი,3,1,3,1,5,1,1,5,1,5,1,5,1,1,5,5,5,5,3,5,1,1,3,2,2,4,3,4,4,4,4,5,5,1,5,5,3,5,ვმუშაობ სრულ განაკვეთზე,კერძო სექტორი,დეზინფორმაცია და მისინფორმაცია, ხელოვნური ინტელექტი და ინფორმაციის/მონაცემების ეთიკური გამოყენება, განათლების ხელმისაწვდომობა,,,,,,,,,,,,
1/27/24 10:40,მამრობითი,34,თბილისის სახელმწიფო უნივერსიტეტი,ზუსტი და საბუნებისმეტყველო,მაგისტრი,1,2,1,1,4,3,3,1,5,1,1,5,1,3,5,5,5,5,5,1,5,5,5,5,5,5,5,5,5,5,5,1,1,2,1,1,1,1,ვმუშაობ სრულ განაკვეთზე და ვსწავლობ,კერძო სექტორი,განათლების ხელმისაწვდომობა, საზოგადოებრივი ჯანდაცვა, სასურსათო უსაფრთხოება და ნუტრიცია, კლიმატის ცვლილება, მოსახლეობის მიგრაცია, ეკონომიკური კრიზისები, ბიომრავალფეროვნება, ურბანიზაცია, ხელოვნური ინტელექტი და ინფორმაციის/მონაცემების ეთიკური გამოყენება,,,,,,
1/27/24 12:26,მდედრობითი,25,თბილისის სახელმწიფო უნივერსიტეტი,სოციალური მეცნიერებები,ბაკალავრი,1,2,3,2,5,1,4,1,1,1,1,5,1,1,5,5,5,3,4,3,5,3,3,5,5,5,4,4,5,5,5,5,4,1,4,3,4,5,ვმუშაობ სრულ განაკვეთზე,კერძო სექტორი,არჩევნები და დემოკრატია, მოსახლეობის მიგრაცია, ეკონომიკური კრიზისები,,,,,,,,,,,,
1/27/24 12:28,მდედრობითი,29,თბილისის სახელმწიფო უნივერსიტეტი,ზუსტ და საბუნებისმეტყველო მეცნიერებები,მაგისტრი,1,1,1,1,3,1,1,1,1,1,1,5,1,1,4,4,4,4,3,3,2,4,5,3,5,2,3,5,5,4,5,1,2,1,2,2,2,2,ვმუშაობ სრულ განაკვეთზე,კერძო სექტორი,განათლების ხელმისაწვდომობა, დეზინფორმაცია და მისინფორმაცია, საზოგადოებრივი ჯანდაცვა, სასურსათო უსაფრთხოება და ნუტრიცია,,,,,,,,,,,
1/27/24 13:19,მდედრობითი,23,თბილისის სახელმწიფო უნივერსიტეტი,სოციალური მეცნიერებები,ვსწავლობ ბაკალავრიატზე,1,1,2,1,3,2,1,2,2,4,3,4,3,2,4,5,5,4,3,3,5,5,4,3,4,4,3,4,3,3,5,2,1,1,1,1,2,1,აჰვსწავლობ,,ხელოვნური ინტელექტი და ინფორმაციის/მონაცემების ეთიკური გამოყენება, ურბანიზაცია, პანდემიები და მათი პრევენცია,,,,,,,,,,,,
1/27/24 14:44,მდედრობითი,23,თბილისის სახელმწიფო უნივერსიტეტი,სოციალური მეცნიერებები,ბაკალავრი,2,1,4,2,4,1,1,4,3,5,5,5,2,2,5,5,5,4,5,5,4,5,4,4,5,5,5,4,5,5,5,4,2,3,4,4,4,4,არც ვსწავლობ და არც ვმუშაობ,,საზოგადოებრივი ჯანდაცვა, არჩევნები და დემოკრატია, დეზინფორმაცია და მისინფორმაცია,,,,,,,,,,,,
1/28/24 15:06,მდედრობითი,23,გრიგოლ რობაქიძის სახელობის უნივერსიტეტი,სოციალური მეცნიერებები,ბაკალავრი,1,1,3,1,4,1,1,1,1,3,1,5,1,1,5,5,5,5,5,5,3,4,2,3,4,4,3,3,4,4,4,4,2,1,2,3,3,3,ვმუშაობ სრულ განაკვეთზე,კერძო სექტორი,არჩევნები და დემოკრატია, ეკონომიკური კრიზისები, განათლების ხელმისაწვდომობა,,,,,,,,,,,,
1/28/24 15:32,მდედრობითი,25,თბილისის სახელმწიფო უნივერსიტეტი,სოციალური მეცნიერებები,მაგისტრი,1,1,4,1,4,1,1,2,1,5,5,5,1,1,2,5,5,4,4,3,3,5,4,5,3,5,4,3,5,5,5,5,3,1,3,3,4,5,ვმუშაობ სრულ განაკვეთზე,საჯარო სექტორი,არჩევნები და დემოკრატია, დეზინფორმაცია და მისინფორმაცია, განათლების ხელმისაწვდომობა,,,,,,,,,,,,
1/30/24 12:13,მდედრობითი,24,შავი ზღვის საერთაშორისო უნივერსიტეტი,სოციალური მეცნიერებები,ბაკალავრი,1,1,1,1,3,1,1,3,3,3,4,4,3,2,5,5,5,5,5,5,5,5,4,3,5,3,2,5,5,3,5,2,1,1,2,1,2,1,ვმუშაობ სრულ განაკვეთზე,საჯარო სექტორი,პანდემიები და მათი პრევენცია, (გენდერული) თანასწორობის საკითხები, არჩევნები და დემოკრატია,,,,,,,,,,,,
1/31/24 22:32,მამრობითი,23,თბილისის სახელმწიფო უნივერსიტეტი,სოციალური მეცნიერებები,ვსწავლობ ბაკალავრიატზე,1,1,2,1,2,1,1,2,2,4,3,5,1,1,5,5,5,4,4,3,5,4,5,3,5,4,3,4,4,3,5,2,1,1,2,1,3,2,აჰვსწავლობ,,ხელოვნური ინტელექტი და ინფორმაციის/მონაცემების ეთიკური გამოყენება, განათლების ხელმისაწვდომობა, (გენდერული) თანასწორობის საკითხები,,,,,,,,,,,,
2/1/24 13:23,მამრობითი,23,თბილისის სახელმწიფო უნივერსიტეტი,სოციალური მეცნიერებები,ვსწავლობ მაგისტრატურაზე,2,1,1,4,5,1,1,5,5,1,4,5,1,1,5,4,4,4,4,4,3,5,5,5,5,5,5,5,5,5,5,5,5,5,5,5,5,5,ვმუშაობ სრულ განაკვეთზე და ვსწავლობ,საერთაშორისო ორგანიზაცია,არჩევნები და დემოკრატია, კონფლიქტები და მათი შედეგი საზოგადოებაზე, ეკონომიკური კრიზისები,,,,,,,,,,,,
2/1/24 14:03,მდედრობითი,32,თბილისის სახელმწიფო უნივერსიტეტი,სოციალური მეცნიერებები,მაგისტრი,1,1,1,1,4,1,1,1,1,1,1,4,1,1,3,4,5,5,5,3,4,5,3,5,5,4,4,3,5,5,3,4,3,2,4,3,4,4,არც ვსწავლობ და არც ვმუშაობ,,ხელოვნური ინტელექტი და ინფორმაციის/მონაცემების ეთიკური გამოყენება, განათლების ხელმისაწვდომობა, საზოგადოებრივი ჯანდაცვა,,,,,,,,,,,,
2/1/24 18:03,მდედრობითი,27,თბილისის სახელმწიფო უნივერსიტეტი,სოციალური მეცნიერებები,მაგისტრი,1,1,3,3,4,1,3,1,1,1,1,4,1,1,4,3,4,4,3,3,4,5,2,4,5,4,3,4,5,5,5,5,4,1,3,3,4,5,ვმუშაობ სრულ განაკვეთზე,არასამთავრობო ორგანიზაცია,(გენდერული) თანასწორობის საკითხები, ხელოვნური ინტელექტი და ინფორმაციის/მონაცემების ეთიკური გამოყენება, განათლების ხელმისაწვდომობა,,,,,,,,,,,,
2/3/24 19:12,მდედრობითი,23,თბილისის სახელმწიფო უნივერსიტეტი,სოციალური მეცნიერებები,ვსწავლობ ბაკალავრიატზე,1,1,1,1,2,1,1,2,2,3,1,4,1,1,4,3,4,3,4,3,2,5,4,3,5,4,3,4,4,3,5,2,1,1,1,1,3,2,ვმუშაობ ნახევარ განაკვეთზე და ვსწავლობ,არასამთავრობო ორგანიზაცია,საზოგადოებრივი ჯანდაცვა, კლიმატის ცვლილება, პანდემიები და მათი პრევენცია,,,,,,,,,,,,
2/6/24 18:45,მდედრობითი,19,კავკასიის უნივერსიტეტი,ზოგადი განათლების დაწყებითი საფეხურის მასწავლებლის მომზადების ინტეგრირებული საბაკალავრო-სამაგისტრო პროგრამა,ვსწავლობ ბაკალავრიატზე,3,3,3,3,4,3,3,4,4,4,4,4,4,4,4,4,4,4,4,4,4,4,4,4,4,4,4,4,4,4,4,4,4,4,4,4,4,4,აჰვსწავლობ,,მოსახლეობის მიგრაცია, განათლების ხელმისაწვდომობა, ხელოვნური ინტელექტი და ინფორმაციის/მონაცემების ეთიკური გამოყენება, კონფლიქტები და მათი შედეგი საზოგადოებაზე, საზოგადოებრივი ჯანდაცვა, (გენდერული) თანასწორობის საკითხები,,,,,,,,,
2/6/24 19:20,მამრობითი,30,თბილისის სახელმწიფო უნივერსიტეტი,ენერგეტიკა,ვსწავლობ მაგისტრატურაზე,1,1,1,1,3,2,1,3,3,3,3,4,4,3,2,3,4,2,2,2,3,5,4,3,3,4,3,4,4,4,3,2,2,2,2,2,2,2,ვმუშაობ სრულ განაკვეთზე,საჯარო სექტორი,არჩევნები და დემოკრატია, კლიმატის ცვლილება, (გენდერული) თანასწორობის საკითხები,,,,,,,,,,,,
2/6/24 19:23,მდედრობითი,21,თბილისის სახელმწიფო უნივერსიტეტი,სოციალურ და პოლიტიკურ მეცნიერებათა,ვსწავლობ ბაკალავრიატზე,1,2,2,1,4,2,1,2,2,4,2,4,4,2,5,5,4,4,4,5,4,5,3,4,4,4,5,5,5,4,5,3,3,2,1,1,2,3,აჰვსწავლობ,,ურბანიზაცია, საზოგადოებრივი ჯანდაცვა, კონფლიქტები და მათი შედეგი საზოგადოებაზე, სასურსათო უსაფრთხოება და ნუტრიცია, დეზინფორმაცია და მისინფორმაცია, ბიომრავალფეროვნება, ხელოვნური ინტელექტი და ინფორმაციის/მონაცემების ეთიკური გამოყენება, განათლების ხელმისაწვდომობა, (გენდერული) თანასწორობის საკითხები, ეკონომიკური კრიზისები, კლიმატის ცვლილება, არჩევნები და დემოკრატია, პანდემიები და მათი პრევენცია,,
2/6/24 19:29,მდედრობითი,20,თბილისის სახელმწიფო უნივერსიტეტი,სოციალური მეცნიერებები,ვსწავლობ ბაკალავრიატზე,1,1,2,1,2,3,1,2,4,5,3,4,5,3,3,5,5,5,5,5,5,5,5,1,5,5,2,5,5,5,3,1,1,3,2,1,1,1,აჰვსწავლობ,,ხელოვნური ინტელექტი და ინფორმაციის/მონაცემების ეთიკური გამოყენება, დეზინფორმაცია და მისინფორმაცია, განათლების ხელმისაწვდომობა,,,,,,,,,,,,
2/6/24 19:30,მდედრობითი,30,ღია უნივერსიტეტი,იურიდიული,ვსწავლობ ბაკალავრიატზე,2,2,2,2,3,2,1,1,1,1,1,1,1,1,5,4,5,3,5,4,5,5,5,5,5,5,5,5,5,5,5,5,5,5,5,5,5,5,ვმუშაობ სრულ განაკვეთზე,საჯარო სექტორი,მოსახლეობის მიგრაცია, ეკონომიკური კრიზისები, განათლების ხელმისაწვდომობა,,,,,,,,,,,,
2/6/24 19:33,მდედრობითი,32,თბილისის სახელმწიფო უნივერსიტეტი,სოციალური მეცნიერებები,მაგისტრი,1,1,2,1,4,1,1,1,1,3,1,4,1,1,5,5,5,2,3,3,2,4,3,3,5,3,5,4,5,4,4,4,4,3,4,5,4,4,ვმუშაობ სრულ განაკვეთზე,საჯარო სექტორი,არჩევნები და დემოკრატია, განათლების ხელმისაწვდომობა, კონფლიქტები და მათი შედეგი საზოგადოებაზე, მოსახლეობის მიგრაცია, ხელოვნური ინტელექტი და ინფორმაციის/მონაცემების ეთიკური გამოყენება, სასურსათო უსაფრთხოება და ნუტრიცია, (გენდერული) თანასწორობის საკითხები, კლიმატის ცვლილება, ბიომრავალფეროვნება, პანდემიები და მათი პრევენცია, ურბანიზაცია, დეზინფორმაცია და მისინფორმაცია, საზოგადოებრივი ჯანდაცვა, ეკონომიკური კრიზისები,
2/6/24 19:45,მდედრობითი,20,კავკასიის უნივერსიტეტი,ზოგადი განათლების დაწყებითი საფეხურის (I-VI კლასები) მასწავლებლის მომზადების ინტეგრირებულმა საბაკალავრო-სამაგისტრო პროგრამამ,ბაკალავრი,3,3,3,4,4,3,3,3,3,3,4,5,4,4,5,5,4,3,3,4,5,4,5,3,3,5,5,3,4,2,4,4,4,2,4,3,4,3,ვმუშაობ ნახევარ განაკვეთზე და ვსწავლობ,კერძო სექტორი,კონფლიქტები და მათი შედეგი საზოგადოებაზე, ხელოვნური ინტელექტი და ინფორმაციის/მონაცემების ეთიკური გამოყენება, განათლების ხელმისაწვდომობა,,,,,,,,,,,,
2/6/24 20:00,მდედრობითი,26,თბილისის სახელმწიფო უნივერსიტეტი,"სოციალური მეცნიერებები,",ვსწავლობ ბაკალავრიატზე,1,1,1,1,1,2,1,4,4,4,4,4,4,4,5,5,4,5,5,5,4,5,5,5,5,5,5,5,5,5,5,2,2,2,2,2,2,3,ვმუშაობ სრულ განაკვეთზე,საჯარო სექტორი,სასურსათო უსაფრთხოება და ნუტრიცია, საზოგადოებრივი ჯანდაცვა, არჩევნები და დემოკრატია,,,,,,,,,,,,
2/6/24 20:03,მდედრობითი,25,კავკასიის საერთაშორისო უნივერსიტეტი,სოციალური მეცნიერებები,მაგისტრი,2,2,2,3,5,3,3,1,1,5,4,5,2,2,5,5,5,4,5,5,5,5,5,5,5,5,5,5,5,5,5,5,5,4,5,5,4,5,ვმუშაობ სრულ განაკვეთზე,საჯარო სექტორი,დეზინფორმაცია და მისინფორმაცია, ეკონომიკური კრიზისები, არჩევნები და დემოკრატია,,,,,,,,,,,,
2/6/24 20:09,მამრობითი,30,თბილისის სახელმწიფო უნივერსიტეტი,ზუსტ და საბუნებისმეტყველო მეცნიერებათა ფაკულტეტი,მაგისტრი,1,1,1,1,3,4,1,1,1,1,1,3,5,1,4,4,5,4,4,4,5,5,5,5,5,5,5,5,5,5,5,2,2,1,1,2,2,2,ვმუშაობ სრულ განაკვეთზე,საჯარო სექტორი,დეზინფორმაცია და მისინფორმაცია, საზოგადოებრივი ჯანდაცვა, განათლების ხელმისაწვდომობა,,,,,,,,,,,,
2/6/24 20:46,მდედრობითი,21,თბილისის სახელმწიფო უნივერსიტეტი,სოციალურ და პოლიტიკურ მეცნიერებათა ფაკულტეტი,ვსწავლობ ბაკალავრიატზე,1,2,5,1,5,1,1,1,1,3,1,3,3,1,5,4,4,2,5,2,3,5,4,3,5,5,5,5,5,4,5,4,2,1,3,2,4,3,აჰვსწავლობ,,ხელოვნური ინტელექტი და ინფორმაციის/მონაცემების ეთიკური გამოყენება, კონფლიქტები და მათი შედეგი საზოგადოებაზე, დეზინფორმაცია და მისინფორმაცია,,,,,,,,,,,,
2/7/24 00:09,მამრობითი,30,ილიას სახელმწიფო უნივერსიტეტი,სოციალური მეცნიერებები,ბაკალავრი,1,1,1,1,4,1,1,1,1,1,1,4,1,1,4,5,4,4,3,4,5,5,3,3,3,5,2,4,5,5,5,4,4,2,4,4,4,4,ვმუშაობ სრულ განაკვეთზე,კერძო სექტორი,განათლების ხელმისაწვდომობა, მოსახლეობის მიგრაცია, საზოგადოებრივი ჯანდაცვა,,,,,,,,,,,,
2/7/24 00:52,მდედრობითი,20,თბილისის სახელმწიფო უნივერსიტეტი,სოციალური მეცნიერებები,ვსწავლობ ბაკალავრიატზე,1,1,1,1,1,2,1,1,1,3,3,3,5,1,3,5,5,3,5,2,4,5,5,5,5,5,4,3,5,5,5,4,1,1,2,1,2,1,ვმუშაობ ნახევარ განაკვეთზე და ვსწავლობ,საერთაშორისო ორგანიზაცია,ხელოვნური ინტელექტი და ინფორმაციის/მონაცემების ეთიკური გამოყენება, ბიომრავალფეროვნება, დეზინფორმაცია და მისინფორმაცია,,,,,,,,,,,,
2/7/24 01:13,მდედრობითი,26,საქართველოს ეროვნული უნივერსიტეტი,სოციალური მეცნიერებები,ვსწავლობ ბაკალავრიატზე,4,3,1,4,4,4,4,4,4,4,3,4,4,4,4,4,4,4,4,4,4,5,4,5,5,5,5,5,5,5,5,4,4,4,4,4,4,4,ვმუშაობ სრულ განაკვეთზე,საჯარო სექტორი,განათლების ხელმისაწვდომობა, მოსახლეობის მიგრაცია, საზოგადოებრივი ჯანდაცვა,,,,,,,,,,,,
2/7/24 07:45,მამრობითი,24,თბილისის სახელმწიფო უნივერსიტეტი,იურიდიული,მაგისტრი,1,1,1,1,1,1,1,1,1,1,1,3,3,1,1,1,1,1,1,1,1,3,4,4,4,4,4,4,4,4,4,1,1,1,1,1,1,1,ვმუშაობ სრულ განაკვეთზე და ვსწავლობ,საჯარო სექტორი,პანდემიები და მათი პრევენცია, ხელოვნური ინტელექტი და ინფორმაციის/მონაცემების ეთიკური გამოყენება, (გენდერული) თანასწორობის საკითხები, დეზინფორმაცია და მისინფორმაცია, კლიმატის ცვლილება, კონფლიქტები და მათი შედეგი საზოგადოებაზე, მოსახლეობის მიგრაცია, სასურსათო უსაფრთხოება და ნუტრიცია, საზოგადოებრივი ჯანდაცვა, არჩევნები და დემოკრატია, ეკონომიკური კრიზისები,,,,
2/7/24 14:05,მდედრობითი,18,თავისუფალი უნივერსიტეტი,ბიზნესის ადმინისტრირება,ვსწავლობ ბაკალავრიატზე,1,1,1,1,4,1,1,1,1,1,1,5,1,1,4,4,4,4,4,3,4,4,4,4,3,5,5,5,5,4,5,4,5,3,4,4,4,3,აჰვსწავლობ,,განათლების ხელმისაწვდომობა, კონფლიქტები და მათი შედეგი საზოგადოებაზე, (გენდერული) თანასწორობის საკითხები, ხელოვნური ინტელექტი და ინფორმაციის/მონაცემების ეთიკური გამოყენება, დეზინფორმაცია და მისინფორმაცია,,,,,,,,,,
2/7/24 20:16,მამრობითი,28,საქართველოს აგრარული უნივერსიტეტი,"ბიოლოგია, საბუნებისმეტყველო მეცნიერებების და ბიოტექნოლოგიის სკოლა",ბაკალავრი,1,1,1,1,3,1,1,1,3,1,1,3,1,1,2,2,4,3,4,4,2,4,2,3,4,3,3,4,4,4,5,2,3,1,3,2,3,2,ვმუშაობ სრულ განაკვეთზე,კერძო სექტორი,კლიმატის ცვლილება, არჩევნები და დემოკრატია, დეზინფორმაცია და მისინფორმაცია,,,,,,,,,,,,
2/8/24 12:11,მდედრობითი,30,თბილისის სახელმწიფო სამედიცინო უნივერსიტეტი,მედიცინა,მაგისტრი,2,2,1,3,4,2,2,2,2,2,1,2,3,3,3,3,4,3,2,2,3,4,3,2,3,4,2,2,2,4,4,2,2,3,3,2,2,2,ვმუშაობ ნახევარ განაკვეთზე და ვსწავლობ,თვითდასაქმებული,საზოგადოებრივი ჯანდაცვა, პანდემიები და მათი პრევენცია, მოსახლეობის მიგრაცია,,,,,,,,,,,,
2/9/24 16:13,მდედრობითი,22,თბილისის სახელმწიფო უნივერსიტეტი,სოციალური მეცნიერებები,ვსწავლობ ბაკალავრიატზე,1,1,2,1,2,1,1,1,1,5,5,5,1,1,5,5,5,4,5,5,2,5,3,3,5,3,3,2,4,5,5,4,3,1,1,4,3,5,აჰვსწავლობ,,მოსახლეობის მიგრაცია, დეზინფორმაცია და მისინფორმაცია, საზოგადოებრივი ჯანდაცვა,,,,,,,,,,,,
2/10/24 20:27,მდედრობითი,20,თბილისის სახელმწიფო უნივერსიტეტი,სოციალური მეცნიერებები,ვსწავლობ ბაკალავრიატზე,1,1,1,1,3,1,1,4,4,4,4,4,4,4,5,5,5,5,5,5,5,5,4,5,5,5,4,5,5,5,5,1,1,1,3,2,3,3,ვმუშაობ ნახევარ განაკვეთზე და ვსწავლობ,კერძო სექტორი,ხელოვნური ინტელექტი და ინფორმაციის/მონაცემების ეთიკური გამოყენება, კლიმატის ცვლილება, მოსახლეობის მიგრაცია,,,,,,,,,,,,
2/10/24 23:33,მამრობითი,30,თბილისის სახელმწიფო უნივერსიტეტი,ზუსტ და საბუნებისმეტყველო მეცნიერებათა ფაკულტეტი,მაგისტრი,1,1,1,1,4,3,1,1,1,1,1,2,2,1,4,5,4,3,4,3,3,4,3,3,3,4,3,3,5,5,3,2,3,2,4,3,2,2,ვმუშაობ სრულ განაკვეთზე,საჯარო სექტორი,მოსახლეობის მიგრაცია, კონფლიქტები და მათი შედეგი საზოგადოებაზე, განათლების ხელმისაწვდომობა,,,,,,,,,,,,
2/11/24 14:52,მამრობითი,22,თბილისის სახელმწიფო უნივერსიტეტი,სოციალური მეცნიერებები,ვსწავლობ ბაკალავრიატზე,1,1,1,1,1,1,1,1,1,1,1,1,1,1,3,3,1,3,5,5,1,5,5,5,5,5,5,5,5,5,5,3,3,1,1,1,5,5,ვმუშაობ სრულ განაკვეთზე და ვსწავლობ,საჯარო სექტორი,დეზინფორმაცია და მისინფორმაცია, განათლების ხელმისაწვდომობა, მოსახლეობის მიგრაცია,,,,,,,,,,,,
2/13/24 01:50,მდედრობითი,22,შავი ზღვის საერთაშორისო უნივერსიტეტი,სოციალური მეცნიერებები,ვსწავლობ ბაკალავრიატზე,1,1,1,1,5,1,1,1,2,2,2,5,1,1,2,3,2,3,4,2,4,3,5,5,3,3,3,3,3,3,3,4,3,4,3,4,3,2,აჰვსწავლობ,,არჩევნები და დემოკრატია, კლიმატის ცვლილება, ეკონომიკური კრიზისები,,,,,,,,,,,,
2/13/24 10:48,მდედრობითი,28,თბილისის სახელმწიფო უნივერსიტეტი,სოციალური მეცნიერებები,მაგისტრი,2,1,3,2,3,1,1,2,3,3,3,3,1,1,5,5,5,5,5,5,5,5,5,5,5,5,5,5,5,5,5,5,5,2,4,4,4,4,ვმუშაობ სრულ განაკვეთზე,კერძო სექტორი,ეკონომიკური კრიზისები, განათლების ხელმისაწვდომობა, (გენდერული) თანასწორობის საკითხები,,,,,,,,,,,,
2/13/24 13:56,მდედრობითი,24,თბილისის სახელმწიფო უნივერსიტეტი,სოციალური მეცნიერებები,ვსწავლობ ბაკალავრიატზე,1,1,3,2,4,1,1,3,3,5,3,5,2,3,5,5,5,4,4,5,5,5,4,5,5,5,3,5,5,5,4,2,1,1,1,1,3,2,აჰვსწავლობ,,ურბანიზაცია, ბიომრავალფეროვნება, კლიმატის ცვლილება,,,,,,,,,,,,
2/13/24 20:43,მამრობითი,28,თბილისის სახელმწიფო უნივერსიტეტი,სოციალური მეცნიერებები,მაგისტრი,3,2,2,3,4,2,1,4,4,3,4,4,2,2,5,5,5,5,5,5,5,4,4,3,5,4,3,5,5,3,4,3,2,2,4,3,4,2,ვმუშაობ სრულ განაკვეთზე,კერძო სექტორი,პანდემიები და მათი პრევენცია, კლიმატის ცვლილება, ეკონომიკური კრიზისები,,,,,,,,,,,,
2/13/24 21:06,მდედრობითი,30,თბილისის სახელმწიფო უნივერსიტეტი,ზუსტ და საბუნებისმეტყველო მეცნიერებათა ფაკულტეტი,მაგისტრი,1,1,1,1,4,5,1,1,1,1,1,4,5,1,5,5,5,3,4,3,2,5,4,4,5,5,5,5,3,5,3,3,3,2,4,4,3,2,ვმუშაობ სრულ განაკვეთზე,საჯარო სექტორი,ურბანიზაცია, კლიმატის ცვლილება, განათლების ხელმისაწვდომობა,,,,,,,,,,,,
2/13/24 21:39,მდედრობითი,28,თბილისის სახელმწიფო უნივერსიტეტი,სოციალური მეცნიერებები,მაგისტრი,1,1,3,1,3,1,2,1,1,1,1,3,1,1,5,5,4,3,3,3,4,5,5,4,4,4,4,4,4,5,4,3,3,3,4,4,4,3,ვმუშაობ სრულ განაკვეთზე,კერძო სექტორი,ხელოვნური ინტელექტი და ინფორმაციის/მონაცემების ეთიკური გამოყენება, კონფლიქტები და მათი შედეგი საზოგადოებაზე, განათლების ხელმისაწვდომობა,,,,,,,,,,,,
2/13/24 22:00,მდედრობითი,32,თბილისის სახელმწიფო უნივერსიტეტი,სოციალური მეცნიერებები,მაგისტრი,1,1,3,1,3,1,2,2,2,4,4,4,2,5,5,5,5,4,5,5,4,4,4,4,4,5,4,4,5,5,5,4,1,1,2,3,4,4,ვმუშაობ სრულ განაკვეთზე,საერთაშორისო ორგანიზაცია,ეკონომიკური კრიზისები, (გენდერული) თანასწორობის საკითხები, მოსახლეობის მიგრაცია,,,,,,,,,,,,
2/14/24 09:39,მდედრობითი,28,თბილისის სახელმწიფო უნივერსიტეტი,სოციალური მეცნიერებები,მაგისტრი,1,1,4,1,4,1,4,3,1,4,1,5,1,4,5,5,5,1,1,5,2,5,4,5,5,5,4,3,4,5,5,5,4,1,4,4,2,5,ვმუშაობ სრულ განაკვეთზე,საჯარო სექტორი,ურბანიზაცია, ეკონომიკური კრიზისები, მოსახლეობის მიგრაცია,,,,,,,,,,,,